label,text
1,RT @CQualtro: F√©licitations #Amazon pour l'expansion &amp; la cr√©ation de 1000 nouveaux emplois √† Vancouver. De bons emplois qui donnent vie √†‚Ä¶
1,Nous cherchons √† r√©soudre les enjeux qui comptent le plus pour les jeunes de la Nation Nishnawbe Aski. Merci de la‚Ä¶ https://t.co/zWybCBjjy7
0,Heading into the 12 days with great negotiating strength because of our tremendous economy. https://t.co/4HnXkR3EhW
0,The long anticipated release of the #JFKFiles will take place tomorrow. So interesting!
0,....for the Middle Class. The House and Senate should consider ASAP as the process of final approval moves along. Push Biggest Tax Cuts EVER
1,RT @NavdeepSBains: Advancing our leadership in #AI will create #jobs of the future &amp; grow the economy. Thanks @googlecanada for having me #‚Ä¶
1,"Today, we join Polish communities in Canada &amp; around the world to celebrate Poland‚Äôs Independence Day: https://t.co/WxL4BZFaDP"
0,JFK Files are being carefully released. In the end there will be great transparency. It is my hope to get just about everything to public!
0,"I am proud of the Rep. House &amp; Senate for working so hard on cutting taxes {&amp; reform.} We‚Äôre getting close! Now, ho‚Ä¶ https://t.co/bPmeYwoMhU"
1,"RT @HarjitSajjan: Celebrating the birth of Guru¬†Nanak¬†Dev¬†Ji, founder of Sikhism, by donating food and volunteering at the @SevaFoodBank  i‚Ä¶"
0,"Just arrived at #ASEAN50 in the Philippines for my final stop with World Leaders. Will lead to FAIR TRADE DEALS, un‚Ä¶ https://t.co/ExRBdQnJru"
0,Wouldn't it be great to Repeal the very unfair and unpopular Individual Mandate in ObamaCare and use those savings for further Tax Cuts.....
0,"In NYC, looks like another attack by a very sick and deranged person. Law enforcement is following this closely. NOT IN THE U.S.A.!"
1,RT @parti_liberal: Journ√©e des v√©t√©rans autochtones : nous rendons hommage aux hommes et femmes autochtones qui ont servi. #LeCanadaseSouvi‚Ä¶
1,2 years ago today. Thank you for your support - we're going to keep working hard for Canadians every single day. https://t.co/8RCRwCvRkE
1,"Congratulations @Val_Plante, first-ever woman elected mayor of Montreal! I'm looking forward to working together on our shared priorities."
0,Great job by MichaelCaputo on @foxandfriends.
1,√Ä Brampton avec @RajLiberal pour expliquer aux familles comment l‚ÄôACE am√©lior√©e les aide √† joindre les deux bouts:‚Ä¶ https://t.co/ATNSPrULpc
0,RT @PChowka: Fox News With Hannity's Help Regains Its Ratings Dominance By Peter Barry Chowka at The Hagmann report https://t.co/ICDMCZregu‚Ä¶
1,"C‚Äô√©tait il y a 2 ans. Merci pour l‚Äôappui - nous continuerons √† travailler fort pour les Canadiens, tous les jours. https://t.co/UK7RcEN6lB"
0,My meetings with President Xi Jinping were very productive on both trade and the subject of North Korea. He is a hi‚Ä¶ https://t.co/WqDuLr1nyF
1,RT @VeteransENG_CA: #Day1 of 11 Days of Remembrance‚Ä¶ Show us your poppies! #CanadaRemembers https://t.co/h8bs4wi6eV
1,".@cathmckenna, par ici! Voyez l‚Äôinnovation canadienne √† l‚Äô≈ìuvre aux Philippines! Les e-Jeepney aident √† r√©duire la‚Ä¶ https://t.co/DWRkMUNqsU"
0,"I always felt I would be running and winning against Bernie Sanders, not Crooked H, without cheating, I was right."
1,"Dix ans de travail dans la communaut√©, √ßa rapporte! Belle discussion avec la mairesse √©lue @Val_Plante sur ses plan‚Ä¶ https://t.co/tEmwO2ilaj"
0,"I have just ordered Homeland Security to step up our already Extreme Vetting Program. Being politically correct is fine, but not for this!"
1,"RT @PattyHajdu: Focusing on prevention, increasing responsiveness &amp; expanding support will help keep more Canadians safe at work: https://t‚Ä¶"
1,Today we gathered at the National Cemetery of Canada to remember #Passchendaele100 &amp; pay tribute to all who have an‚Ä¶ https://t.co/kdp4zwMYnf
0,.@FoxNews Chris Wallace: ‚ÄúMore evidence of Dem collusion with Russia than GOP‚Äù https://t.co/nACQerJSiu
1,√Ä l‚Äôuniversit√© Ton Duc Thang pour parler aux √©tudiants de croissance √©conomique et de l‚Äôimportance de profiter au m‚Ä¶ https://t.co/hk6Z5nC4P9
1,On termine une journ√©e bien remplie au si√®ge du Comit√© populaire. Merci au pr√©sident Nguy·ªÖn Th√†nh Phong pour la ren‚Ä¶ https://t.co/pbTiNcXUDQ
1,"Leonard Cohen √©tait un ambassadeur de Montr√©al, mais aussi du Canada tout entier. Hier soir, nous avons honor√© sa m‚Ä¶ https://t.co/WnU5t5xLnj"
1,Canadians send their condolences to those affected by today's tragic church shooting in Texas - we wish a full recovery to the injured.
1,We‚Äôre making progress on the TPP ‚Äì and working hard to make sure we get the right deal for Canadians &amp; Canadian bus‚Ä¶ https://t.co/cMA2HSOHiI
0,"Ed Gillespie will turn the really bad Virginia economy #'s around, and fast. Strong on crime, he might even save our great statues/heritage!"
1,Nous sommes arriv√©s aux Philippines pour assister au Sommet de l‚Äô#ANASE. Merci pour le tr√®s chaleureux accueil. Mab‚Ä¶ https://t.co/y4eyXASTFk
0,Today is National Prescription Drug Take Back Day. Everyone can help fight the #OpioidEpidemic by participating!‚Ä¶ https://t.co/xOrimTGON5
0,"Congratulations to @SpeakerRyan, @GOPLeader, @SteveScalise and to the Republican Party on Budget passage yesterday. Now for biggest Tax Cuts"
0,"ISIS just claimed the Degenerate Animal who killed, and so badly wounded, the wonderful people on the West Side, was ""their soldier."" ....."
1,"In Brampton with @RajLiberal today, speaking with families about how a stronger CCB helps them make ends meet:‚Ä¶ https://t.co/83jfVa5kR3"
0,Stock market hit yet another all-time record high yesterday. There is great confidence in the moves that my Administration....
1,RT @SherryRomanado: Un honneur de repr√©senter le Gouvernement du Canada pour les comm√©morations du centenaire de la Bataille de Passchendae‚Ä¶
0,I am calling on Congress to TERMINATE the diversity visa lottery program that presents significant vulnerabilities‚Ä¶ https://t.co/GcHKCxTNyF
0,@NYGovCuomo @NYCMayor ...fully supports any and all of their efforts with respect to the West Side attack. #NYCStrong
1,It's a wrap on #APEC2017 ‚Äì we‚Äôll continue to work closely with our Asia-Pacific allies to create more jobs &amp; opport‚Ä¶ https://t.co/BfjE9EIVeZ
0,"Will be doing a joint press conference in Hanoi, Vietnam then heading for final destination of trip, the Phillipines."
0,"Report out that Obama Campaign paid $972,000 to Fusion GPS. The firm also got $12,400,000 (really?) from DNC. Nobody knows who OK'd!"
0,...the entire World WAS laughing and taking advantage of us. People like liddle' Bob Corker have set the U.S. way back. Now we move forward!
1,RT @cafreeland: L'Asie-Pacifique est essentielle pour l'√©conomie mondiale. Nous travaillons sur le commerce et la s√©curit√© dans cette r√©gio‚Ä¶
0,"This will be the biggest TAX CUT in the history of our country - and we need it! #TaxReform 
Read more:‚Ä¶ https://t.co/1qDeHBLabT"
0,Happy birthday to the great @TheLeeGreenwood. You and your beautiful song have made such a difference. MAKE AMERICA GREAT AGAIN!
1,RT @jyduclos: Nouveaux parents : Notre gouvernement introduit des prestations de #maternit√© et parentales plus souples! https://t.co/5EgMaM‚Ä¶
0,....Some of those they are harshly treating have been ‚Äúmilking‚Äù their country for years!
1,"Le PTP progresse, et nous ne m√©nageons aucun effort pour obtenir un accord profitable aux Canadiens et aux entrepri‚Ä¶ https://t.co/lv146YRYQJ"
0,In the coming months and years ahead I look forward to building an even STRONGER relationship between the United St‚Ä¶ https://t.co/kHCeQSQDtk
0,"Wishing everyone a safe and Happy Halloween!
#Halloween2017 https://t.co/BRpgXVRI8Y"
1,RT @RalphGoodale: Excellent travail par @rcmpgrcpolice +plusieurs corps policiers au Canada+√âtats-Unis dans des efforts pour enlever le fen‚Ä¶
1,Thank you to all Indigenous veterans who served and continue to serve with pride. #CanadaRemembers https://t.co/adCnU1Mo22
1,"Somewhere over Canada last night... (if you haven‚Äôt seen the Northern Lights in person, I highly recommend it. Come‚Ä¶ https://t.co/Uuecznd0km"
1,"Au sujet du Partenariat transpacifique : nous y avons beaucoup travaill√© cette semaine, en Asie, et nous allons pou‚Ä¶ https://t.co/q7nBT4dMWb"
1,RT @JulieDzerowicz: So proud that my Private Member‚Äôs Bill M-126 has passed unanimously in @OurCommons to recognize Portuguese Heritage Mon‚Ä¶
0,I will be making a major statement from the @WhiteHouse upon my return to D.C. Time and date to be set.
1,"Premier entretien en personne avec la premi√®re ministre @jacindaardern. Au menu : commerce, changements climatiques‚Ä¶ https://t.co/fov4Jb5QlG"
1,"Fin de l‚Äô#APEC2017 ‚Äì de concert avec nos alli√©s de l‚ÄôAsie-Pacifique, nous cr√©erons encore plus d‚Äôemplois &amp; d‚Äôoccasi‚Ä¶ https://t.co/59NrJ0DGHw"
0,I am landing shortly. Can‚Äôt wait to be with our GREAT MILITARY. See you soon! https://t.co/AVLrrOxmm4
0,"CHAIN MIGRATION must end now! Some people come in, and they bring their whole family with them, who can be truly ev‚Ä¶ https://t.co/g0RgPIG2K3"
1,"This afternoon, I met with Vietnam‚Äôs Secretary General of the Communist Party, Nguy·ªÖn Ph√∫ Tr·ªçng, to build on the st‚Ä¶ https://t.co/HabTaRgnyo"
1,"On est en route vers Hano√Ø pour une semaine charg√©e au Vietnam et aux Philippines ax√©e sur l‚Äô APEC, le commerce et les droits de la personne"
0,"Wacky &amp; totally unhinged Tom Steyer, who has been fighting me and my Make America Great Again agenda from beginning, never wins elections!"
1,"RT @cathmckenna: 13 year old @StellaBowles saw a problem, and decided to fix it. Who else is inspired after hearing her story? https://t.co‚Ä¶"
1,"Merci √† Nguyen Cong Hiep, du consulat canadien, pour m‚Äôavoir fait d√©couvrir les rues de H√¥ Chi Minh-Ville aujourd‚Äôh‚Ä¶ https://t.co/Lq6rwoABEP"
0,"Great day of bilateral meetings at #ASEANSummit on trade, which we are turning around to be great deals for our cou‚Ä¶ https://t.co/n7g7Zvo9pl"
1,La police se met en danger pour nous prot√©ger. Mes sinc√®res condol√©ances √† la famille de l‚Äôagent @AbbyPoliceDept tu√© en faisant son devoir.
0,Bernie Sanders supporters have every right to be apoplectic of the complete theft of the Dem primary by Crooked Hillary!
1,Discussing the jobs &amp; opportunities AI creates with tech leaders at #GoNorth17. Thanks for sharing your ideas and i‚Ä¶ https://t.co/dUDKyaz5H3
1,"Today, we join Sikhs in Canada &amp; around the world to celebrate the birth of Guru Nanak Dev Ji: https://t.co/uXOTPsLNSW"
1,#APEC2017 https://t.co/0IH566mAh7
1,Day 2 in Vietnam! Opening trading at the Ho Chi Minh City Stock Exchange. https://t.co/3rscbV5PyN
0,Thank you @LuisRiveraMarin! https://t.co/BK7sDv9phU
0,Thanks to @SenateMajLdr McConnell and the @SenateGOP we are appointing high-quality Federal District...
1,"Les entrepreneurs font cro√Ætre l‚Äô√©conomie, renforcent la classe moyenne et cr√©ent de l‚Äôemploi ici et dans le monde.‚Ä¶ https://t.co/TYHEKdHMBH"
0,"""Clinton campaign &amp; DNC paid for research that led to the anti-Trump Fake News Dossier. The victim here is the President."" @FoxNews"
0,Thank you for such a beautiful welcome Hawaii. My great honor to visit @PacificCommand upon arrival. Heading to Pea‚Ä¶ https://t.co/Yr6OZitxGR
1,RT @RoyalCdnLegion: #Merci v√©t√©rans pour votre service. Faites la pause 2 minutes pour penser et #VousSouvenir¬†: https://t.co/Hs6rzOl1Zr  #‚Ä¶
0,"Happy #FirstRespondersDay to all of our HEROES out there. We are forever grateful to you for your service, sacrific‚Ä¶ https://t.co/UpEh9uZ9fu"
0,"After my tour of Asia, all Countries dealing with us on TRADE know that the rules have changed. The United States h‚Ä¶ https://t.co/MoMNa1MUI3"
0,"My visit to Japan and friendship with PM Abe will yield many benefits, for our great Country. Massive military &amp; energy orders happening+++!"
0,"Just landed in Da Nang, Vietnam to deliver a speech at #APEC2017"
0,...Americans do what we do best: we pull together. We join hands. We lock arms and through the tears and the sadnes‚Ä¶ https://t.co/CTtTeWjVHX
1,"Cet apr√®s-midi, j‚Äôai rencontr√© Nguy·ªÖn Ph√∫ Tr·ªçng, secr√©taire g√©n√©ral du Parti communiste du Vietnam, pour resserrer‚Ä¶ https://t.co/mOWeTsdPWJ"
0,"The North Korean regime has pursued its nuclear &amp; ballistic missile programs in defiance of every assurance, agreem‚Ä¶ https://t.co/J7WklThu2q"
0,Melania and I look forward to being with President Xi &amp; Madame Peng Liyuan in China in two weeks for what will hope‚Ä¶ https://t.co/TYNkL929s6
0,"Happy birthday to @garyplayer, a truly great Champion and Person!"
1,RT @VeteransENG_CA: RT to remember &amp; get a reminder on 11/11. Join our tribute and be added to a mosaic remembering Canada's Veterans #Cana‚Ä¶
0,#JFKFiles https://t.co/AnPBSJFh3J
1,"At the Ton Duc Thang University, speaking with students about growing our economies and getting the most out of the‚Ä¶ https://t.co/W14aVTXPPf"
0,"Never seen such Republican ANGER &amp; UNITY as I have concerning the lack of investigation on Clinton made Fake Dossier (now $12,000,000?),...."
1,"I also sat down with the Chair of the National Assembly, Nguy·ªÖn Th·ªã Kim Ng√¢n, to talk about promoting the rights of‚Ä¶ https://t.co/uLLW10B5oF"
0,"....Also, there is NO COLLUSION!"
0,We are inspired by the stories of everyday heroes who pull their communities from the depths of despair through lea‚Ä¶ https://t.co/QsxRShJWmQ
1,"Bonne discussion ce matin avec notre ambassadrice d√©sign√©e pour la France @HudonIsabelle sur le commerce, l'√©galit√©‚Ä¶ https://t.co/iqjGwOhXt0"
1,Next stop: Da Nang for #APEC2017. Here‚Äôs a recap of my visit so far: https://t.co/4MZWpfgN6t
0,Great to see @RandPaul looking well and back on the Senate floor. He will help us with TAX CUTS and REFORM!
1,"La semaine prochaine, j‚Äôirai au Vietnam et aux Philippines pour rencontrer nos partenaires de l‚ÄôAsie-Pacifique: https://t.co/yvDneOuuOe"
1,RT @cafreeland: Asia-Pacific is a critical engine for the global economy. Working on trade and security in this dynamic region. #APEC2017 h‚Ä¶
1,"Talking trade, gender equality &amp; climate change with Canada‚Äôs Ambassador-designate to France, @HudonIsabelle, this‚Ä¶ https://t.co/idGywGyQ6T"
0,"""Consumer Confidence Hits Highest Level Since December 2000"" Read more: https://t.co/w7WkcobFun https://t.co/nLo5XCnuIx"
1,"Une premi√®re rencontre fructueuse, autour du commerce et de notre collaboration afin de cr√©er plus d‚Äôemplois et de‚Ä¶ https://t.co/yvurolUuTb"
1,C√©l√©bration du 50e anniversaire de l‚Äô#ANASE en compagnie du pr√©sident Duterte et de nos alli√©s avant le sommet de d‚Ä¶ https://t.co/Xhsn7O0fiW
1,RT @janephilpott: Aboriginal Veterans Day was first observed in 1994 to honour the contributions and sacrifices that Indigenous peoples hav‚Ä¶
0,"...New Donna B book says she paid for and stole the Dem Primary. What about the deleted E-mails, Uranium, Podesta, the Server, plus, plus..."
0,Would love to send the NYC terrorist to Guantanamo but statistically that process takes much longer than going through the Federal system...
1,.@BobRae48 &amp; I sat down with Aung San Suu Kyi in Da Nang to express Canada‚Äôs concern for the Rohingya refugees &amp; th‚Ä¶ https://t.co/DjTX37estO
0,The United States is prepared to work with each of the leaders in this room today to achieve mutually beneficial co‚Ä¶ https://t.co/6hY41gFM5i
0,NoKo has interpreted America's past restraint as weakness. This would be a fatal miscalculation. Do not underestima‚Ä¶ https://t.co/3ZqTpo7GrT
0,"Together, we will Make America Great Again!
#AmericaFirstüá∫üá∏ https://t.co/ajiC3flNkI"
0,"""Senator Chuck Schumer helping to import Europes problems"" said Col.Tony Shaffer. We will stop this craziness!  @foxandfriends"
1,RT @Carolyn_Bennett: .@ITK_CanadaInuit &amp; others say solutions for robust Arctic are in the North. We agree! WATCH: https://t.co/u1wuB719vn‚Ä¶
1,"@SeamusORegan Nous pensons √† toi, @SeamusORegan! Prompt r√©tablissement, mon ami."
1,Voici le sommaire de ma rencontre avec les Premi√®res Nations autogouvernantes et signataires de trait√©s modernes :‚Ä¶ https://t.co/VA4Mh3mS6R
0,"Why would Kim Jong-un insult me by calling me ""old,"" when I would NEVER call him ""short and fat?"" Oh well, I try so‚Ä¶ https://t.co/PmsWNkH4r4"
0,"U.S. COAL PRODUCTION
Upüìà7.8% past year. 
Downüìâ31.5% last 10 years. 
#EndingWarOnCoal https://t.co/xr20OBb2DV"
0,"In more and more places throughout this region, citizens of SOVEREIGN and INDEPENDENT nations have taken greater co‚Ä¶ https://t.co/RoZxYEdh9m"
1,"RT @PattyHajdu: Se pencher sur la pr√©vention, augmenter la sensibilisation et accroitre le support am√©lioreront la s√©curit√© des Canadiens a‚Ä¶"
1,"Every child deserves the best start in life, that‚Äôs why Canada is helping mothers around the world get access to qu‚Ä¶ https://t.co/BBXbsoPeon"
0,...There is also something appropriate about keeping him in the home of the horrible crime he committed. Should move fast. DEATH PENALTY!
0,"I have great confidence in King Salman and the Crown Prince of Saudi Arabia, they know exactly what they are doing...."
1,"J‚Äôai √©galement discut√© avec Nguy·ªÖn Th·ªã Kim Ng√¢n, pr√©sidente de l‚ÄôAssembl√©e nationale, pour parler de la promotion d‚Ä¶ https://t.co/rX2cMAfisM"
1,On annonce 4 √©lections partielles ! Voyez o√π elles auront lieu : https://t.co/TmMmDBudnW
0,Just spoke to President Macri of Argentina about the five proud and wonderful men killed in the West Side terror attack. God be with them!
1,Heureux 150e anniversaire √† Marie Curie! D√©couvrez la vie et l‚Äô≈ìuvre de cette pionni√®re. #FemmesEnSTIM https://t.co/K4LTAsYz6F
1,Jour 2 au Vietnam ! Ouverture de la bourse √† H√¥ Chi Minh-Ville. https://t.co/KsYVEofrsv
0,The @TuckerCarlson opening statement about our once cherished and great FBI was so sad to watch. James Comey's leadership was a disaster!
0,Do not underestimate the UNITY within the Republican Party!
0,"Today, it was my pleasure and great honor to announce my nomination of Jerome Powell to be the next Chairman of the‚Ä¶ https://t.co/32kLFYbbuq"
0,‚ÄúStatement by President Trump on the Apprehension of Mustafa al-Imam for His Alleged Role in Benghazi Attacks‚Äù https://t.co/2U7WJmfGlM
1,"Chaque enfant m√©rite le meilleur d√©part qui soit dans la vie, alors le Canada aide des mamans √† travers le monde √†‚Ä¶ https://t.co/vxs8FthDDH"
0,"It was my great honor to have lunch with our INCREDIBLE U.S. and ROK troops at Camp Humphreys, in South Korea. üá∫üá∏üá∞üá∑‚Ä¶ https://t.co/QJtVR498yK"
0,While not at all presidential I must point out that the Sloppy Michael Moore Show on Broadway was a TOTAL BOMB and was forced to close. Sad!
0,"Excited to be heading home to see the House pass a GREAT Tax Bill with the middle class getting big TAX CUTS!

#MakeAmericaGreatAgainüá∫üá∏"
1,"RT @KirstyDuncanMP: Il est important de comprendre comment les effets d‚Äôun climat en changement affectent l‚ÄôArctique. Aujourd‚Äôhui, @cathmck‚Ä¶"
1,"Sitting down with Prime Minister @jacindaardern for our first meeting in person, talking trade, climate change, and‚Ä¶ https://t.co/Eewoqktbnj"
1,It was great to see President @EPN at #APEC2017 ‚Äì we took some time to talk about trade and how we can work togethe‚Ä¶ https://t.co/jGYNQlPNiM
0,"Working hard on the biggest tax cut in U.S. history. Great support from so many sides. Big winners will be the middle class, business &amp; JOBS"
0,"RT @AbeShinzo: „Éà„É©„É≥„ÉóÂ§ßÁµ±È†ò„Å´„Çà„Çã„ÄÅÂàù„ÅÆ„ÄÅÊ≠¥Âè≤ÁöÑ„Å™Êó•Êú¨Ë®™Âïè„ÅØ„ÄÅÈñìÈÅï„ÅÑ„Å™„Åè„ÄÅÊó•Á±≥ÂêåÁõü„ÅÆÊè∫„Çã„Åé„Å™„ÅÑÁµÜ„Çí‰∏ñÁïå„Å´Á§∫„Åô„Åì„Å®„Åå„Åß„Åç„Åæ„Åó„Åü„ÄÇ

Êú¨ÂΩì„Å´„ÅÇ„Çä„Åå„Å®„ÅÜ„ÄÅ„Éâ„Éä„É´„Éâ„ÄÇ„Åù„Åó„Å¶„ÄÅ„Ç¢„Ç∏„Ç¢Ê≠¥Ë®™„ÅÆÂ§ßÊàêÂäü„Çí„ÅäÁ•à„Çä„Åó„Å¶„ÅÑ„Åæ„Åô„ÄÇ

@realDonaldTrump https://t.‚Ä¶"
0,"Join me LIVE in South Koreaüá∫üá∏üá∞üá∑
#NationalAssembly #POTUSinAsia 
‚û°Ô∏èhttps://t.co/M3iEhPdkas https://t.co/hSxdtd2UnY"
1,Roundtable with business leaders - talking about how trade will create more jobs &amp; opportunities for people in Cana‚Ä¶ https://t.co/5CgzX2ZW2k
1,Nos pens√©es accompagnent @DenisLemieuxLib. Merci d‚Äôavoir servi la population de Chicoutimi‚ÄîLe Fjord. Vous allez nous manquer.
0,Thank you to all Americans who participated in Nat'l Rx Drug Take Back Day. A record amount of drugs collected &amp; disposed. We can do this!
0,Thank you @FLGovScott. https://t.co/rgdU9plvFK
0,"The U.S., under my administration, is completely rebuilding its military, and they're spending hundreds of billions‚Ä¶ https://t.co/2sIwl0TH9x"
1,RT @NationalDefence: The Importance of Remembrance #CanadaRemembers https://t.co/QrLVXDfMig
1,RT @MarcMillerVM: J'ai pris un moment pour dire quelques mots en Kanien'k√©ha pour honorer les autochtones qui sont tomb√©s au combat. Souven‚Ä¶
1,"We had a good first meeting today, talking trade and how we can work together to create more jobs &amp; opportunities f‚Ä¶ https://t.co/fMeaAw9Bon"
1,"@SeamusORegan We‚Äôre all thinking of you, @SeamusORegan! Get well soon, my friend."
0,Today I am here to offer a renewed partnership with America -- to work together to strengthen the bonds of friendsh‚Ä¶ https://t.co/2IdSIlE3Ek
1,RT @googlecanada: Watch tmw: @JustinTrudeau discusses Canada‚Äôs role in the world of A.I. with @ericschmidt at #GoNorth17 via @nytimes https‚Ä¶
1,"RT @CanadianForces: Today and every day, #CanadaRemembers. Join us in honouring past and current #CAF members. #RemembranceDay #LestWeForge‚Ä¶"
0,"President Xi, thank you for such an incredible welcome ceremony. It was a truly memorable and impressive display! üì∏‚Ä¶ https://t.co/Jbj5TWhCla"
1,I'll always be grateful for George Gosbee's work on our advisory council during our time in opposition. Calgary has‚Ä¶ https://t.co/ZihaF8eVoE
1,"Bonne rencontre avec la directrice des op√©rations de Facebook, @sherylsandberg, sur l‚Äôinnovation canadienne ax√©e su‚Ä¶ https://t.co/V8gi3Zhz4H"
0,"....earth shattering. He and his brother could Drain The Swamp, which would be yet another campaign promise fulfilled. Fake News weak!"
0,"‚ÄúPresident Donald J. Trump Proclaims October 24, 2017, as United Nations Day‚Äù Read more: https://t.co/cyRAQAKhy2 https://t.co/HVD0kLYlBk"
1,"Aujourd‚Äôhui, nous rendons hommage √† ceux qui ont tant endur√© et tant sacrifi√© pour nous tous. https://t.co/R5RumFVwXu"
1,"@Val_Plante Et f√©licitations √† R√©gis Labeaume ‚Äì r√©√©lu maire de Qu√©bec. On se revoit bient√¥t, j‚Äôesp√®re."
1,RT @VNXAllshares: üéâüéÜListed Companies on Hochiminh Stock Exchange should be ready on increasing trade &amp; fintech with Canadian partners üçÅüçÅ&amp; s‚Ä¶
0,"Together, we dream of a Korea that is free, a peninsula that is safe, and families that are reunited once again! https://t.co/9tsZRCC83j"
0,We mourn the horrifying terrorist attack in NYC. All of America is praying and grieving for the families who lost t‚Ä¶ https://t.co/gnCvusZ0Ud
1,Announcing 4 by-elections! Get the details: https://t.co/15PNFkmoE0
1,"RT @DrRobbieO: MWO Lemay &amp; Lt(N) Tremblay, old comrades from my military career were in #Parliament being honoured for their sele‚Ä¶ https://‚Ä¶"
0,#NYCStrong #USAüá∫üá∏ https://t.co/6K3Xw5P87d
1,Prochain arr√™t : Da Nang pour l‚Äô#APEC2017. Voici un r√©sum√© de ma visite jusqu‚Äô√† maintenant : https://t.co/zzJlktn655
0,Will be another Sean success! https://t.co/SlNTENvJLA
0,"The meeting with Republican Senators yesterday, outside of Flake and Corker, was a love fest with standing ovations and great ideas for USA!"
1,Comment b√¢tir un pays et un avenir meilleurs pour nos enfants ? La r√©ponse est simple : en investissant dans les Ca‚Ä¶ https://t.co/3BopqTiWUP
0,RT @IvankaTrump: We're working to make tax cuts &amp; the expanded Child Tax Credit a reality for American families. The time is now! #TaxRefor‚Ä¶
0,"Thank you to the GREAT NYPD, First Responders and all govt officials for having handled the terrible West Side atta‚Ä¶ https://t.co/wcjWahjCHF"
0,So nice being with Republican Senators today. Multiple standing ovations! Most are great people who want big Tax Cuts and success for U.S.
0,"NYC terrorist was happy as he asked to hang ISIS flag in his hospital room. He killed 8 people, badly injured 12. SHOULD GET DEATH PENALTY!"
0,"I don‚Äôt blame China, I blame the incompetence of past Admins for allowing China to take advantage of the U.S. on tr‚Ä¶ https://t.co/zql9WFEZlF"
0,"The rigged Dem Primary, one of the biggest political stories in years, got ZERO coverage on Fake News Network TV last night. Disgraceful!"
1,RT @NavdeepSBains: L'innovation en action ! Les entreprises canadiennes et indiennes se sont rencontr√©es ce soir pour explorer les possibil‚Ä¶
0,Anyone who doubts the strength or determination of the U.S. should look to our past....and you will doubt it no lon‚Ä¶ https://t.co/n1Dc7xNmcg
0,"Happy Birthday @TheLeeGreenwood!
#FlashbackFriday https://t.co/MCrMK6Eurm"
0,Just read the nice remarks by President Jimmy Carter about me and how badly I am treated by the press (Fake News). Thank you Mr. President!
0,I hope people will start to focus on our Massive Tax Cuts for Business (jobs) and the Middle Class (in addition to Democrat corruption)!
1,"We‚Äôre on our way to Hanoi... to start a busy week in Vietnam &amp; the Philippines focused on APEC, trade and advancing human rights."
1,RT @CanadianPM: Watch live: PM Justin Trudeau marks the 150th anniversary of the first sitting of the House of Commons. #cdnpoli https://t.‚Ä¶
0,Thank you to President Moon of South Korea for the beautiful welcoming ceremony. It will always be remembered. https://t.co/bMvJz1iV2a
0,"...Based on that, the Military has hit ISIS ""much harder"" over the last two days. They will pay a big price for every attack on us!"
1,On parle des emplois et des possibilit√©s li√©s √† l‚ÄôIA avec des leaders technologiques √† #GoNorth17. Merci de vos id√©‚Ä¶ https://t.co/1OiD3ea7IY
0,"WORKING TOGETHER, we will defeat this #OpioidEpidemic &amp; free our nation from the terrible affliction of drug abuse.‚Ä¶ https://t.co/Mw8xZxOEUn"
0,"People are anxiously awaiting my decision as to who the next head of the Fed will be....
üé•https://t.co/PEj1KNYcAO"
0,"Jeff Flake, with an 18% approval rating in Arizona, said ""a lot of my colleagues have spoken out."" Really, they just gave me a standing O!"
1,Tragic news from Iran and Iraq today. Canadians offer their deepest sympathies to the families affected by the earthquake in the region.
1,"RT @SeamusORegan: 100 years ago today marks the end of one of our deadliest battles: Passchendaele.

We remember and honour their incredibl‚Ä¶"
1,"RT @SeamusORegan: Aujourd‚Äôhui, il y a 100 ans, de terminait une de nos batailles les plus sanglantes: Passchendaele. 

Nous nous souvenons‚Ä¶"
1,"Nous sommes ax√©s sur une s√©rie d‚Äôenjeux, notamment le commerce et les droits de la personne. Merci au pr√©sident Tr·∫ß‚Ä¶ https://t.co/CSpVKkxlIG"
0,The United States will be immediately implementing much tougher Extreme Vetting Procedures. The safety of our citizens comes first!
0,"Unemployment is down to 4.1%, lowest in 17 years. 1.5 million new jobs created since I took office. Highest stock Market ever, up $5.4 trill"
0,".@EdWGillespie will totally turn around the high crime and poor economic performance of VA. MS-13 and crime will be gone. Vote today, ASAP!"
1,F√©licitations Georges! Like you never left. You've made us proud once again. üá®üá¶ https://t.co/eK1GA5w2og
0,Everybody is asking why the Justice Department (and FBI) isn't looking into all of the dishonesty going on with Crooked Hillary &amp; the Dems..
0,"Getting ready to make a major speech to the National Assembly here in South Korea, then will be headed to China whe‚Ä¶ https://t.co/mEfWXmpzRw"
1,"RT @CQualtro: Congrats @amazonca on your Vancouver expansion project
&amp; the creation of 1000 new jobs. The kind of jobs that our communities‚Ä¶"
0,Congratulations to all of the ‚ÄùDEPLORABLES‚Äù and the millions of people who gave us a MASSIVE (304-227) Electoral Co‚Ä¶ https://t.co/cKVtPvEHOB
0,"Pocahontas just stated that the Democrats, lead by the legendary Crooked Hillary Clinton, rigged the Primaries! Lets go FBI &amp; Justice Dept."
0,"Great Tax Cut rollout today. The lobbyists are storming Capital Hill, but the Republicans will hold strong and do what is right for America!"
0,"Getting ready to leave for South Korea and meetings with President Moon, a fine gentleman. We will figure it all out!"
1,Le Canada offre sa solidarit√© √† ses voisins face √† cette √©preuve. Voici ma d√©claration : https://t.co/qkWCuJjCiw
0,"....came to the campaign. Few people knew the young, low level volunteer named George, who has already proven to be a liar. Check the DEMS!"
1,"Great chat with @ericschmidt, talking about how investing in AI &amp; Canadian innovation creates jobs and builds a str‚Ä¶ https://t.co/OvXP9DA2O9"
1,"On this 100th anniversary of the victory at Passchendaele, we honour the heroism &amp; sacrifice of Canadians who fough‚Ä¶ https://t.co/Xvp7dPo2bd"
0,"Does the Fake News Media remember when Crooked Hillary Clinton, as Secretary of State, was begging Russia to be our‚Ä¶ https://t.co/0QnLU03c03"
1,RT @SherryRomanado: Honoured to be leading the Government of Canada delegation to Belgium for the commemorative events for the 100th annive‚Ä¶
0,Leaving South Korea now heading to China. Looking very much forward to meeting and being with President Xi!
0,The United States has been reminded time and again in recent years that economic security is not merely RELATED to‚Ä¶ https://t.co/62WsIAen7F
1,"Coup d‚Äôenvoi du 31e Sommet de l‚Äô#ANASE aux Philippines, aujourd‚Äôhui. https://t.co/XRbp0bc8kn"
0,"Texas @GovAbbott &amp; Lt. Gov. @DanPatrick,

Thank you for todays briefing on hurricane recovery efforts here in TX. K‚Ä¶ https://t.co/5lGb2FKLJ2"
0,"The Fake News is working overtime. As Paul Manaforts lawyer said, there was ""no collusion"" and events mentioned took place long before he..."
0,"We are fighting hard for Merit Based immigration, no more Democrat Lottery Systems. We must get MUCH tougher (and smarter).  @foxandfriends"
0,President Xi of China has stated that he is upping the sanctions against #NoKo. Said he wants them to denuclearize. Progress is being made.
1,Celebrating the 50th anniversary of #ASEAN ahead of tomorrow‚Äôs Summit with President Duterte &amp; our allies. https://t.co/0idrGYnlPS
1,"Merci, Filippo, de votre collaboration, de votre travail entourant la crise au Myanmar et de votre aide aux plus vu‚Ä¶ https://t.co/Zf2Y2J7RIm"
1,"Good meeting with Facebook‚Äôs COO, @sherylsandberg, focused on how we can support innovation in Canada to create job‚Ä¶ https://t.co/kAQBfTgU5E"
1,Je serai toujours reconnaissant pour le travail que George Gosbee a fait au sein de notre comit√© consultatif quand‚Ä¶ https://t.co/SIG4z2OjHL
0,The real story on Collusion is in Donna B's new book. Crooked Hillary bought the DNC &amp; then stole the Democratic Primary from Crazy Bernie!
0,"...the Uranium to Russia deal, the  33,000 plus deleted Emails, the Comey fix and so much more. Instead they look at phony Trump/Russia,...."
1,"RT @liberal_party: On Aboriginal Veterans Day, we salute the Indigenous men &amp; women who have served. #CanadaRemembers #LestWeForget https:/‚Ä¶"
1,"Today, we honour the people who endured so much, and sacrificed so greatly. https://t.co/6y2VgqFLzK"
1,Nous nous sommes r√©unis au Cimeti√®re national du Canada pour penser √† #Passchendaele100 et honorer ceux qui ont r√©p‚Ä¶ https://t.co/y6w1aQAQEa
0,I will be interviewed by @IngrahamAngle on @FoxNews at 10:00. Enjoy!
1,"En ce 100e anniversaire de la victoire √† Passchendaele, nous honorons le h√©ro√Øsme et les sacrifices des Canadiens q‚Ä¶ https://t.co/rnFRRLviot"
1,"Avec les communaut√©s polonaises du Canada et du monde, nous c√©l√©brons le Jour de l‚ÄôInd√©pendance de la Pologne : https://t.co/1sBie9YVlC"
0,"Congratulations to the Houston @Astros, 2017 #WorldSeries Champions‚öæÔ∏è#HoustonStrong #EarnHistory https://t.co/BP7OEzdhFi"
0,RT @seanhannity: BOOM!!  Tick Tock https://t.co/8E2Lvj3TTa
1,"RT @ForcesCanada: Aujourd'hui comme chaque jour, #LeCanadasesouvient. #jourduSouvenir https://t.co/2v6lLV4Bj5"
0,"...""collusion,"" which doesn't exist. The Dems are using this terrible (and bad for our country) Witch Hunt for evil politics, but the R's..."
0,"Broadcom's move to America=$20 BILLION of annual rev into U.S.A., $3+ BILLION/yr. in research/engineering &amp; $6 BILL‚Ä¶ https://t.co/0PUrl6k86K"
0,"Effective today, my administration officially declared the #OpioidCrisis a NATIONAL PUBLIC HEALTH EMERGENCY under f‚Ä¶ https://t.co/0DF0lnfKJG"
0,@SenateMajLdr @SenateGOP ...and Appeals Court Judges at a record clip! Our courts are rapidly changing for the better!
0,"The reason Flake and Corker dropped out of the Senate race is very simple, they had zero chance of being elected. Now act so hurt &amp; wounded!"
1,"RT @FP_Champagne: Beaucoup d'√©nergie avec la d√©l√©gation de notre #MissionCommercialeEnInde. Soyez ambitieux, cr√©ez des liens, signez des en‚Ä¶"
0,Thank you @foxandfriends. Really great job and show!
0,Getting ready to land in Hawaii. Looking so much forward to meeting with our great Military/Veterans at Pearl Harbor!
1,"Thanks for having me and congratulations on your first year in Winnipeg, too! https://t.co/z2oVh8sXNz"
1,"O√π que nous soyons, nous sommes unis, coquelicots pr√®s du c≈ìur, pour nous souvenir. #NoublionsJamais https://t.co/mn5ZvVXgmh"
1,Police work in harm's way to protect us all. My deepest sympathies to the family of the @AbbyPoliceDept officer killed in the line of duty.
0,"The terrorist came into our country through what is called the ""Diversity Visa Lottery Program,"" a Chuck Schumer beauty. I want merit based."
0,Big news - Budget just passed!
1,"RT @SeamusORegan: Aujourd'hui nous rendons aux hommes et femmes des Premi√®res Nations, M√©tis et Inuit qui ont servi le Canada avec fiert√© e‚Ä¶"
0,Thank you! https://t.co/TD0rYcWN8C
0,It is finally happening for our great clean coal miners! https://t.co/suAnjs6Ccz
0,RT @IvankaTrump: Touched by the warm hospitality of Prime Minister Abe and the Japanese people. „ÅÇ„Çä„Åå„Å®„ÅÜ„Åî„Åñ„ÅÑ„Åæ„Åô [Thank you]! Until next time üáØüáµ‚Ä¶
1,"On the TPP trade deal: We've been working hard on it this week in Asia, and we're going to keep negotiating until w‚Ä¶ https://t.co/eZKVL99H3D"
0,"Great mtg w/ @Cabinet today. Tomorrow, I will be announcing the new head of the Fed. I think you will be extremely‚Ä¶ https://t.co/dKtJBjGlYe"
1,Merci de m‚Äôavoir re√ßu et f√©licitations pour votre premi√®re ann√©e √† Winnipeg! https://t.co/z2oVh8sXNz
1,RT @RalphGoodale: More excellent work by @rcmpgrcpolice + multiple law enforcement partners in Canada+US in efforts to get fentanyl off our‚Ä¶
0,Just interviewed by @LouDobbs. Will be aired tonight at 7pmE on @FoxBusiness. #Dobbs
0,#USAüá∫üá∏ #JapanüáØüáµ https://t.co/EvxFqAVnFS
1,My thanks to Cardinal @gclacroix for the meeting in Ottawa this morning - it was nice to see you again. https://t.co/eThGAThNpA
1,Canada stands in solidarity with our neighbours during this difficult time. Full statement: https://t.co/Vt2UtBTXSv
1,"Des nouvelles tragiques de l‚ÄôIran et de l‚ÄôIrak, aujourd‚Äôhui. Les Canadiens offrent leurs condol√©ances aux familles‚Ä¶ https://t.co/xEzMqvx1ax"
1,Ending a busy day at the People‚Äôs Committee HQ ‚Äì thanks to Chairman Nguy·ªÖn Th√†nh Phong for the meeting today. https://t.co/Y6bMHoaEpD
1,Visit to Ho Chi Minh‚Äôs stilt house near the Presidential Palace earlier today. https://t.co/8l1mrGVXy2
1,"Aujourd‚Äôhui, nous nous arr√™tons un moment pour nous souvenir des Canadiens qui ont servi notre pays :‚Ä¶ https://t.co/Uo52We1AQb"
1,"RT @SeamusORegan: Today, and everyday, we remember.

Aujourd'hui, comme toujours, nous nous souviendrons. 

#CanadaRemembers #RemembranceDa‚Ä¶"
1,RT @jyduclos: New parents: Our government is introducing more flexible #maternity and parental benefits! https://t.co/vFPmsvSlgC https://t.‚Ä¶
1,RT @yuchengcomuseum: Canadian PM Justin Trudeau is welcomed to the Yuchengco Museum by Ms Helen Dee and Ms Yvonne Yuchengco. @JustinTrudeau‚Ä¶
0,"Just took off for ceremony @ Pearl Harbor. Will then be heading to Japan, SKorea, China, Vietnam &amp; the Philippines. Will never let you down!"
0,"When will all the haters and fools out there realize that having a good relationship with Russia is a good thing, n‚Ä¶ https://t.co/tPCd8nSwY3"
0,"Happy to announce, I am nominating Alex Azar to be the next HHS Secretary. He will be a star for better healthcare and lower drug prices!"
0,"Just landed in the Philippines after a great day of meetings and events in Hanoi, Vietnam! https://t.co/YxHRNhhPWo"
1,RT @AsiaPacificFdn: Our PM @JustinTrudeau is at his welcoming gala in Vietnam for #APEC2017! Photo by our CEO @Stewartbeck https://t.co/IG0‚Ä¶
1,"Bienvenue √† Ottawa @USAmbCanada Craft, juste √† temps pour l‚Äôhiver! Que la relation üá®üá¶ üá∫üá∏ soit chaleureuse peu impor‚Ä¶ https://t.co/FVsHpQPlr5"
0,Very little reporting about the GREAT GDP numbers announced yesterday (3.0 despite the big hurricane hits). Best consecutive Q's in years!
0,"Franklin, such a great photo. 

HAPPY 99th BIRTHDAY to your father, @BillyGraham! https://t.co/l0c7RvvOa1"
1,RT @VeteransFR_CA: RT pour rendre hommage aux v√©t√©rans canadiens. Vous recevrez un rappel le 11/11 et serez ajout√© √† une mosa√Øque #Lecanada‚Ä¶
0,"I am leaving China for #APEC2017 in Vietnam. @FLOTUS Melania is staying behind to see the zoo, and of course, the G‚Ä¶ https://t.co/j2kDjWvnsj"
1,Kicking off the 31st #ASEAN Summit in the Philippines today. https://t.co/2DOUQXtX3n
1,Voici les d√©tails √† propos du nouveau comit√© parlementaire charg√© de la s√©curit√© nationale et du renseignement : https://t.co/4RzkIXk3wr
1,"We‚Äôre focused on a variety of issues, including trade &amp; advancing human rights. My thanks to President Tr·∫ßn ƒê·∫°i Qua‚Ä¶ https://t.co/dQVKrjXfi3"
0,"On behalf of @FLOTUS Melania and I, THANK YOU for an unforgettable¬†afternoon and evening¬†at the¬†Forbidden City in B‚Ä¶ https://t.co/Q9H0MPdIvU"
0,....This is real collusion and dishonesty. Major violation of Campaign Finance Laws and Money Laundering - where is our Justice Department?
0,"We must not allow ISIS to return, or enter, our country after defeating them in the Middle East and elsewhere. Enough!"
0,"‚ÄúPresidential Proclamation Commemorating the 50th Anniversary of the Vietnam War‚Äù 
‚û°Ô∏èhttps://t.co/hgUQP9leqK 
‚û°Ô∏è‚Ä¶ https://t.co/xZ8AWnxDEA"
0,Stock Market just hit another record high! Jobs looking very good.
1,Merci √† tous les v√©t√©rans autochtones qui ont servi leur pays et qui continuent de le servir avec fiert√©.‚Ä¶ https://t.co/hvaetHTdFi
0,"All of this ""Russia"" talk right when the Republicans are making their big push for historic Tax Cuts &amp; Reform. Is this coincidental? NOT!"
0,"Spoke to President Xi of China to congratulate him on his extraordinary elevation. Also discussed NoKo &amp; trade, two very important subjects!"
1,RT @PMcanadien: En direct: le PM Trudeau souligne le 150e anniversaire de la 1re s√©ance de la Chambre des communes. #polcan https://t.co/I4‚Ä¶
1,"Visite de la maison sur pilotis de H√¥ Chi Minh, pr√®s du Palais pr√©sidentiel, plus t√¥t aujourd‚Äôhui. https://t.co/MaYrrsccdS"
1,How do we build a better country &amp; future for our children? The answer is simple: by investing in Canadians. More f‚Ä¶ https://t.co/ARFuFYNUhV
1,RT @Carolyn_Bennett: .@ITK_CanadaInuit &amp; parmi d‚Äôautres disent que les solutions doivent provenir du Nord. Ns sommes d‚Äôaccord! Regardez: ht‚Ä¶
0,"...addresses of any mentioned person who is still living. I am doing this for reasons of full disclosure, transparency and..."
0,MAKE AMERICA GREAT AGAIN! https://t.co/CbEwJSQ1A3
1,Le premier ministre @TurnbullMalcolm et moi avons parl√© du #TPP et des avantages de conclure un accord qui soit √©qu‚Ä¶ https://t.co/CAS9EJw5K5
1,RT @NANComms: Meegwetch @JustinTrudeau @janephilpott @Carolyn_Bennett for meeting with NAN youth! @gcfiddler @DGCAnnaBetty https://t.co/spt‚Ä¶
1,#TBT to a backpacking trip in Vietnam many years ago‚Ä¶ my thanks to the Canadian Embassy for pulling out the old gue‚Ä¶ https://t.co/hnKgkdTZik
0,"Throughout my travels, I've had the pleasure of sharing the good news from America. I've had the honor of sharing o‚Ä¶ https://t.co/eGkJAZaPuU"
