trainid,author,status
0,Justin Trudeau,RT @CQualtro: F√©licitations #Amazon pour l'expansion &amp; la cr√©ation de 1000 nouveaux emplois √† Vancouver. De bons emplois qui donnent vie √†‚Ä¶
1,Justin Trudeau,Nous cherchons √† r√©soudre les enjeux qui comptent le plus pour les jeunes de la Nation Nishnawbe Aski. Merci de la‚Ä¶ https://t.co/zWybCBjjy7
2,Donald J. Trump,Heading into the 12 days with great negotiating strength because of our tremendous economy. https://t.co/4HnXkR3EhW
3,Donald J. Trump,The long anticipated release of the #JFKFiles will take place tomorrow. So interesting!
4,Donald J. Trump,....for the Middle Class. The House and Senate should consider ASAP as the process of final approval moves along. Push Biggest Tax Cuts EVER
5,Justin Trudeau,RT @NavdeepSBains: Advancing our leadership in #AI will create #jobs of the future &amp; grow the economy. Thanks @googlecanada for having me #‚Ä¶
6,Justin Trudeau,"Today, we join Polish communities in Canada &amp; around the world to celebrate Poland‚Äôs Independence Day: https://t.co/WxL4BZFaDP"
7,Donald J. Trump,JFK Files are being carefully released. In the end there will be great transparency. It is my hope to get just about everything to public!
8,Donald J. Trump,"I am proud of the Rep. House &amp; Senate for working so hard on cutting taxes {&amp; reform.} We‚Äôre getting close! Now, ho‚Ä¶ https://t.co/bPmeYwoMhU"
9,Justin Trudeau,"RT @HarjitSajjan: Celebrating the birth of Guru¬†Nanak¬†Dev¬†Ji, founder of Sikhism, by donating food and volunteering at the @SevaFoodBank  i‚Ä¶"
10,Donald J. Trump,"Just arrived at #ASEAN50 in the Philippines for my final stop with World Leaders. Will lead to FAIR TRADE DEALS, un‚Ä¶ https://t.co/ExRBdQnJru"
11,Donald J. Trump,Wouldn't it be great to Repeal the very unfair and unpopular Individual Mandate in ObamaCare and use those savings for further Tax Cuts.....
12,Donald J. Trump,"In NYC, looks like another attack by a very sick and deranged person. Law enforcement is following this closely. NOT IN THE U.S.A.!"
13,Justin Trudeau,RT @parti_liberal: Journ√©e des v√©t√©rans autochtones : nous rendons hommage aux hommes et femmes autochtones qui ont servi. #LeCanadaseSouvi‚Ä¶
14,Justin Trudeau,2 years ago today. Thank you for your support - we're going to keep working hard for Canadians every single day. https://t.co/8RCRwCvRkE
15,Justin Trudeau,"Congratulations @Val_Plante, first-ever woman elected mayor of Montreal! I'm looking forward to working together on our shared priorities."
16,Donald J. Trump,Great job by MichaelCaputo on @foxandfriends.
17,Justin Trudeau,√Ä Brampton avec @RajLiberal pour expliquer aux familles comment l‚ÄôACE am√©lior√©e les aide √† joindre les deux bouts:‚Ä¶ https://t.co/ATNSPrULpc
18,Donald J. Trump,RT @PChowka: Fox News With Hannity's Help Regains Its Ratings Dominance By Peter Barry Chowka at The Hagmann report https://t.co/ICDMCZregu‚Ä¶
19,Justin Trudeau,"C‚Äô√©tait il y a 2 ans. Merci pour l‚Äôappui - nous continuerons √† travailler fort pour les Canadiens, tous les jours. https://t.co/UK7RcEN6lB"
20,Donald J. Trump,My meetings with President Xi Jinping were very productive on both trade and the subject of North Korea. He is a hi‚Ä¶ https://t.co/WqDuLr1nyF
21,Justin Trudeau,RT @VeteransENG_CA: #Day1 of 11 Days of Remembrance‚Ä¶ Show us your poppies! #CanadaRemembers https://t.co/h8bs4wi6eV
22,Justin Trudeau,".@cathmckenna, par ici! Voyez l‚Äôinnovation canadienne √† l‚Äô≈ìuvre aux Philippines! Les e-Jeepney aident √† r√©duire la‚Ä¶ https://t.co/DWRkMUNqsU"
23,Donald J. Trump,"I always felt I would be running and winning against Bernie Sanders, not Crooked H, without cheating, I was right."
24,Justin Trudeau,"Dix ans de travail dans la communaut√©, √ßa rapporte! Belle discussion avec la mairesse √©lue @Val_Plante sur ses plan‚Ä¶ https://t.co/tEmwO2ilaj"
25,Donald J. Trump,"I have just ordered Homeland Security to step up our already Extreme Vetting Program. Being politically correct is fine, but not for this!"
26,Justin Trudeau,"RT @PattyHajdu: Focusing on prevention, increasing responsiveness &amp; expanding support will help keep more Canadians safe at work: https://t‚Ä¶"
27,Justin Trudeau,Today we gathered at the National Cemetery of Canada to remember #Passchendaele100 &amp; pay tribute to all who have an‚Ä¶ https://t.co/kdp4zwMYnf
28,Donald J. Trump,.@FoxNews Chris Wallace: ‚ÄúMore evidence of Dem collusion with Russia than GOP‚Äù https://t.co/nACQerJSiu
29,Justin Trudeau,√Ä l‚Äôuniversit√© Ton Duc Thang pour parler aux √©tudiants de croissance √©conomique et de l‚Äôimportance de profiter au m‚Ä¶ https://t.co/hk6Z5nC4P9
30,Justin Trudeau,On termine une journ√©e bien remplie au si√®ge du Comit√© populaire. Merci au pr√©sident Nguy·ªÖn Th√†nh Phong pour la ren‚Ä¶ https://t.co/pbTiNcXUDQ
31,Justin Trudeau,"Leonard Cohen √©tait un ambassadeur de Montr√©al, mais aussi du Canada tout entier. Hier soir, nous avons honor√© sa m‚Ä¶ https://t.co/WnU5t5xLnj"
32,Justin Trudeau,Canadians send their condolences to those affected by today's tragic church shooting in Texas - we wish a full recovery to the injured.
33,Justin Trudeau,We‚Äôre making progress on the TPP ‚Äì and working hard to make sure we get the right deal for Canadians &amp; Canadian bus‚Ä¶ https://t.co/cMA2HSOHiI
34,Donald J. Trump,"Ed Gillespie will turn the really bad Virginia economy #'s around, and fast. Strong on crime, he might even save our great statues/heritage!"
35,Justin Trudeau,Nous sommes arriv√©s aux Philippines pour assister au Sommet de l‚Äô#ANASE. Merci pour le tr√®s chaleureux accueil. Mab‚Ä¶ https://t.co/y4eyXASTFk
36,Donald J. Trump,Today is National Prescription Drug Take Back Day. Everyone can help fight the #OpioidEpidemic by participating!‚Ä¶ https://t.co/xOrimTGON5
37,Donald J. Trump,"Congratulations to @SpeakerRyan, @GOPLeader, @SteveScalise and to the Republican Party on Budget passage yesterday. Now for biggest Tax Cuts"
38,Donald J. Trump,"ISIS just claimed the Degenerate Animal who killed, and so badly wounded, the wonderful people on the West Side, was ""their soldier."" ....."
39,Justin Trudeau,"In Brampton with @RajLiberal today, speaking with families about how a stronger CCB helps them make ends meet:‚Ä¶ https://t.co/83jfVa5kR3"
40,Donald J. Trump,Stock market hit yet another all-time record high yesterday. There is great confidence in the moves that my Administration....
41,Justin Trudeau,RT @SherryRomanado: Un honneur de repr√©senter le Gouvernement du Canada pour les comm√©morations du centenaire de la Bataille de Passchendae‚Ä¶
42,Donald J. Trump,I am calling on Congress to TERMINATE the diversity visa lottery program that presents significant vulnerabilities‚Ä¶ https://t.co/GcHKCxTNyF
43,Donald J. Trump,@NYGovCuomo @NYCMayor ...fully supports any and all of their efforts with respect to the West Side attack. #NYCStrong
44,Justin Trudeau,It's a wrap on #APEC2017 ‚Äì we‚Äôll continue to work closely with our Asia-Pacific allies to create more jobs &amp; opport‚Ä¶ https://t.co/BfjE9EIVeZ
45,Donald J. Trump,"Will be doing a joint press conference in Hanoi, Vietnam then heading for final destination of trip, the Phillipines."
46,Donald J. Trump,"Report out that Obama Campaign paid $972,000 to Fusion GPS. The firm also got $12,400,000 (really?) from DNC. Nobody knows who OK'd!"
47,Donald J. Trump,...the entire World WAS laughing and taking advantage of us. People like liddle' Bob Corker have set the U.S. way back. Now we move forward!
48,Justin Trudeau,RT @cafreeland: L'Asie-Pacifique est essentielle pour l'√©conomie mondiale. Nous travaillons sur le commerce et la s√©curit√© dans cette r√©gio‚Ä¶
49,Donald J. Trump,"This will be the biggest TAX CUT in the history of our country - and we need it! #TaxReform 
Read more:‚Ä¶ https://t.co/1qDeHBLabT"
50,Donald J. Trump,Happy birthday to the great @TheLeeGreenwood. You and your beautiful song have made such a difference. MAKE AMERICA GREAT AGAIN!
51,Justin Trudeau,RT @jyduclos: Nouveaux parents : Notre gouvernement introduit des prestations de #maternit√© et parentales plus souples! https://t.co/5EgMaM‚Ä¶
52,Donald J. Trump,....Some of those they are harshly treating have been ‚Äúmilking‚Äù their country for years!
53,Justin Trudeau,"Le PTP progresse, et nous ne m√©nageons aucun effort pour obtenir un accord profitable aux Canadiens et aux entrepri‚Ä¶ https://t.co/lv146YRYQJ"
54,Donald J. Trump,In the coming months and years ahead I look forward to building an even STRONGER relationship between the United St‚Ä¶ https://t.co/kHCeQSQDtk
55,Donald J. Trump,"Wishing everyone a safe and Happy Halloween!
#Halloween2017 https://t.co/BRpgXVRI8Y"
56,Justin Trudeau,RT @RalphGoodale: Excellent travail par @rcmpgrcpolice +plusieurs corps policiers au Canada+√âtats-Unis dans des efforts pour enlever le fen‚Ä¶
57,Justin Trudeau,Thank you to all Indigenous veterans who served and continue to serve with pride. #CanadaRemembers https://t.co/adCnU1Mo22
58,Justin Trudeau,"Somewhere over Canada last night... (if you haven‚Äôt seen the Northern Lights in person, I highly recommend it. Come‚Ä¶ https://t.co/Uuecznd0km"
59,Justin Trudeau,"Au sujet du Partenariat transpacifique : nous y avons beaucoup travaill√© cette semaine, en Asie, et nous allons pou‚Ä¶ https://t.co/q7nBT4dMWb"
60,Justin Trudeau,RT @JulieDzerowicz: So proud that my Private Member‚Äôs Bill M-126 has passed unanimously in @OurCommons to recognize Portuguese Heritage Mon‚Ä¶
61,Donald J. Trump,I will be making a major statement from the @WhiteHouse upon my return to D.C. Time and date to be set.
62,Justin Trudeau,"Premier entretien en personne avec la premi√®re ministre @jacindaardern. Au menu : commerce, changements climatiques‚Ä¶ https://t.co/fov4Jb5QlG"
63,Justin Trudeau,"Fin de l‚Äô#APEC2017 ‚Äì de concert avec nos alli√©s de l‚ÄôAsie-Pacifique, nous cr√©erons encore plus d‚Äôemplois &amp; d‚Äôoccasi‚Ä¶ https://t.co/59NrJ0DGHw"
64,Donald J. Trump,I am landing shortly. Can‚Äôt wait to be with our GREAT MILITARY. See you soon! https://t.co/AVLrrOxmm4
65,Donald J. Trump,"CHAIN MIGRATION must end now! Some people come in, and they bring their whole family with them, who can be truly ev‚Ä¶ https://t.co/g0RgPIG2K3"
66,Justin Trudeau,"This afternoon, I met with Vietnam‚Äôs Secretary General of the Communist Party, Nguy·ªÖn Ph√∫ Tr·ªçng, to build on the st‚Ä¶ https://t.co/HabTaRgnyo"
67,Justin Trudeau,"On est en route vers Hano√Ø pour une semaine charg√©e au Vietnam et aux Philippines ax√©e sur l‚Äô APEC, le commerce et les droits de la personne"
68,Donald J. Trump,"Wacky &amp; totally unhinged Tom Steyer, who has been fighting me and my Make America Great Again agenda from beginning, never wins elections!"
69,Justin Trudeau,"RT @cathmckenna: 13 year old @StellaBowles saw a problem, and decided to fix it. Who else is inspired after hearing her story? https://t.co‚Ä¶"
70,Justin Trudeau,"Merci √† Nguyen Cong Hiep, du consulat canadien, pour m‚Äôavoir fait d√©couvrir les rues de H√¥ Chi Minh-Ville aujourd‚Äôh‚Ä¶ https://t.co/Lq6rwoABEP"
71,Donald J. Trump,"Great day of bilateral meetings at #ASEANSummit on trade, which we are turning around to be great deals for our cou‚Ä¶ https://t.co/n7g7Zvo9pl"
72,Justin Trudeau,La police se met en danger pour nous prot√©ger. Mes sinc√®res condol√©ances √† la famille de l‚Äôagent @AbbyPoliceDept tu√© en faisant son devoir.
73,Donald J. Trump,Bernie Sanders supporters have every right to be apoplectic of the complete theft of the Dem primary by Crooked Hillary!
74,Justin Trudeau,Discussing the jobs &amp; opportunities AI creates with tech leaders at #GoNorth17. Thanks for sharing your ideas and i‚Ä¶ https://t.co/dUDKyaz5H3
75,Justin Trudeau,"Today, we join Sikhs in Canada &amp; around the world to celebrate the birth of Guru Nanak Dev Ji: https://t.co/uXOTPsLNSW"
76,Justin Trudeau,#APEC2017 https://t.co/0IH566mAh7
77,Justin Trudeau,Day 2 in Vietnam! Opening trading at the Ho Chi Minh City Stock Exchange. https://t.co/3rscbV5PyN
78,Donald J. Trump,Thank you @LuisRiveraMarin! https://t.co/BK7sDv9phU
79,Donald J. Trump,Thanks to @SenateMajLdr McConnell and the @SenateGOP we are appointing high-quality Federal District...
80,Justin Trudeau,"Les entrepreneurs font cro√Ætre l‚Äô√©conomie, renforcent la classe moyenne et cr√©ent de l‚Äôemploi ici et dans le monde.‚Ä¶ https://t.co/TYHEKdHMBH"
81,Donald J. Trump,"""Clinton campaign &amp; DNC paid for research that led to the anti-Trump Fake News Dossier. The victim here is the President."" @FoxNews"
82,Donald J. Trump,Thank you for such a beautiful welcome Hawaii. My great honor to visit @PacificCommand upon arrival. Heading to Pea‚Ä¶ https://t.co/Yr6OZitxGR
83,Justin Trudeau,RT @RoyalCdnLegion: #Merci v√©t√©rans pour votre service. Faites la pause 2 minutes pour penser et #VousSouvenir¬†: https://t.co/Hs6rzOl1Zr  #‚Ä¶
84,Donald J. Trump,"Happy #FirstRespondersDay to all of our HEROES out there. We are forever grateful to you for your service, sacrific‚Ä¶ https://t.co/UpEh9uZ9fu"
85,Donald J. Trump,"After my tour of Asia, all Countries dealing with us on TRADE know that the rules have changed. The United States h‚Ä¶ https://t.co/MoMNa1MUI3"
86,Donald J. Trump,"My visit to Japan and friendship with PM Abe will yield many benefits, for our great Country. Massive military &amp; energy orders happening+++!"
87,Donald J. Trump,"Just landed in Da Nang, Vietnam to deliver a speech at #APEC2017"
88,Donald J. Trump,...Americans do what we do best: we pull together. We join hands. We lock arms and through the tears and the sadnes‚Ä¶ https://t.co/CTtTeWjVHX
89,Justin Trudeau,"Cet apr√®s-midi, j‚Äôai rencontr√© Nguy·ªÖn Ph√∫ Tr·ªçng, secr√©taire g√©n√©ral du Parti communiste du Vietnam, pour resserrer‚Ä¶ https://t.co/mOWeTsdPWJ"
90,Donald J. Trump,"The North Korean regime has pursued its nuclear &amp; ballistic missile programs in defiance of every assurance, agreem‚Ä¶ https://t.co/J7WklThu2q"
91,Donald J. Trump,Melania and I look forward to being with President Xi &amp; Madame Peng Liyuan in China in two weeks for what will hope‚Ä¶ https://t.co/TYNkL929s6
92,Donald J. Trump,"Happy birthday to @garyplayer, a truly great Champion and Person!"
93,Justin Trudeau,RT @VeteransENG_CA: RT to remember &amp; get a reminder on 11/11. Join our tribute and be added to a mosaic remembering Canada's Veterans #Cana‚Ä¶
94,Donald J. Trump,#JFKFiles https://t.co/AnPBSJFh3J
95,Justin Trudeau,"At the Ton Duc Thang University, speaking with students about growing our economies and getting the most out of the‚Ä¶ https://t.co/W14aVTXPPf"
96,Donald J. Trump,"Never seen such Republican ANGER &amp; UNITY as I have concerning the lack of investigation on Clinton made Fake Dossier (now $12,000,000?),...."
97,Justin Trudeau,"I also sat down with the Chair of the National Assembly, Nguy·ªÖn Th·ªã Kim Ng√¢n, to talk about promoting the rights of‚Ä¶ https://t.co/uLLW10B5oF"
98,Donald J. Trump,"....Also, there is NO COLLUSION!"
99,Donald J. Trump,We are inspired by the stories of everyday heroes who pull their communities from the depths of despair through lea‚Ä¶ https://t.co/QsxRShJWmQ
100,Justin Trudeau,"Bonne discussion ce matin avec notre ambassadrice d√©sign√©e pour la France @HudonIsabelle sur le commerce, l'√©galit√©‚Ä¶ https://t.co/iqjGwOhXt0"
101,Justin Trudeau,Next stop: Da Nang for #APEC2017. Here‚Äôs a recap of my visit so far: https://t.co/4MZWpfgN6t
102,Donald J. Trump,Great to see @RandPaul looking well and back on the Senate floor. He will help us with TAX CUTS and REFORM!
103,Justin Trudeau,"La semaine prochaine, j‚Äôirai au Vietnam et aux Philippines pour rencontrer nos partenaires de l‚ÄôAsie-Pacifique: https://t.co/yvDneOuuOe"
104,Justin Trudeau,RT @cafreeland: Asia-Pacific is a critical engine for the global economy. Working on trade and security in this dynamic region. #APEC2017 h‚Ä¶
105,Justin Trudeau,"Talking trade, gender equality &amp; climate change with Canada‚Äôs Ambassador-designate to France, @HudonIsabelle, this‚Ä¶ https://t.co/idGywGyQ6T"
106,Donald J. Trump,"""Consumer Confidence Hits Highest Level Since December 2000"" Read more: https://t.co/w7WkcobFun https://t.co/nLo5XCnuIx"
107,Justin Trudeau,"Une premi√®re rencontre fructueuse, autour du commerce et de notre collaboration afin de cr√©er plus d‚Äôemplois et de‚Ä¶ https://t.co/yvurolUuTb"
108,Justin Trudeau,C√©l√©bration du 50e anniversaire de l‚Äô#ANASE en compagnie du pr√©sident Duterte et de nos alli√©s avant le sommet de d‚Ä¶ https://t.co/Xhsn7O0fiW
109,Justin Trudeau,RT @janephilpott: Aboriginal Veterans Day was first observed in 1994 to honour the contributions and sacrifices that Indigenous peoples hav‚Ä¶
110,Donald J. Trump,"...New Donna B book says she paid for and stole the Dem Primary. What about the deleted E-mails, Uranium, Podesta, the Server, plus, plus..."
111,Donald J. Trump,Would love to send the NYC terrorist to Guantanamo but statistically that process takes much longer than going through the Federal system...
112,Justin Trudeau,.@BobRae48 &amp; I sat down with Aung San Suu Kyi in Da Nang to express Canada‚Äôs concern for the Rohingya refugees &amp; th‚Ä¶ https://t.co/DjTX37estO
113,Donald J. Trump,The United States is prepared to work with each of the leaders in this room today to achieve mutually beneficial co‚Ä¶ https://t.co/6hY41gFM5i
114,Donald J. Trump,NoKo has interpreted America's past restraint as weakness. This would be a fatal miscalculation. Do not underestima‚Ä¶ https://t.co/3ZqTpo7GrT
115,Donald J. Trump,"Together, we will Make America Great Again!
#AmericaFirstüá∫üá∏ https://t.co/ajiC3flNkI"
116,Donald J. Trump,"""Senator Chuck Schumer helping to import Europes problems"" said Col.Tony Shaffer. We will stop this craziness!  @foxandfriends"
117,Justin Trudeau,RT @Carolyn_Bennett: .@ITK_CanadaInuit &amp; others say solutions for robust Arctic are in the North. We agree! WATCH: https://t.co/u1wuB719vn‚Ä¶
118,Justin Trudeau,"@SeamusORegan Nous pensons √† toi, @SeamusORegan! Prompt r√©tablissement, mon ami."
119,Justin Trudeau,Voici le sommaire de ma rencontre avec les Premi√®res Nations autogouvernantes et signataires de trait√©s modernes :‚Ä¶ https://t.co/VA4Mh3mS6R
120,Donald J. Trump,"Why would Kim Jong-un insult me by calling me ""old,"" when I would NEVER call him ""short and fat?"" Oh well, I try so‚Ä¶ https://t.co/PmsWNkH4r4"
121,Donald J. Trump,"U.S. COAL PRODUCTION
Upüìà7.8% past year. 
Downüìâ31.5% last 10 years. 
#EndingWarOnCoal https://t.co/xr20OBb2DV"
122,Donald J. Trump,"In more and more places throughout this region, citizens of SOVEREIGN and INDEPENDENT nations have taken greater co‚Ä¶ https://t.co/RoZxYEdh9m"
123,Justin Trudeau,"RT @PattyHajdu: Se pencher sur la pr√©vention, augmenter la sensibilisation et accroitre le support am√©lioreront la s√©curit√© des Canadiens a‚Ä¶"
124,Justin Trudeau,"Every child deserves the best start in life, that‚Äôs why Canada is helping mothers around the world get access to qu‚Ä¶ https://t.co/BBXbsoPeon"
125,Donald J. Trump,...There is also something appropriate about keeping him in the home of the horrible crime he committed. Should move fast. DEATH PENALTY!
126,Donald J. Trump,"I have great confidence in King Salman and the Crown Prince of Saudi Arabia, they know exactly what they are doing...."
127,Justin Trudeau,"J‚Äôai √©galement discut√© avec Nguy·ªÖn Th·ªã Kim Ng√¢n, pr√©sidente de l‚ÄôAssembl√©e nationale, pour parler de la promotion d‚Ä¶ https://t.co/rX2cMAfisM"
128,Justin Trudeau,On annonce 4 √©lections partielles ! Voyez o√π elles auront lieu : https://t.co/TmMmDBudnW
129,Donald J. Trump,Just spoke to President Macri of Argentina about the five proud and wonderful men killed in the West Side terror attack. God be with them!
130,Justin Trudeau,Heureux 150e anniversaire √† Marie Curie! D√©couvrez la vie et l‚Äô≈ìuvre de cette pionni√®re. #FemmesEnSTIM https://t.co/K4LTAsYz6F
131,Justin Trudeau,Jour 2 au Vietnam ! Ouverture de la bourse √† H√¥ Chi Minh-Ville. https://t.co/KsYVEofrsv
132,Donald J. Trump,The @TuckerCarlson opening statement about our once cherished and great FBI was so sad to watch. James Comey's leadership was a disaster!
133,Donald J. Trump,Do not underestimate the UNITY within the Republican Party!
134,Donald J. Trump,"Today, it was my pleasure and great honor to announce my nomination of Jerome Powell to be the next Chairman of the‚Ä¶ https://t.co/32kLFYbbuq"
135,Donald J. Trump,‚ÄúStatement by President Trump on the Apprehension of Mustafa al-Imam for His Alleged Role in Benghazi Attacks‚Äù https://t.co/2U7WJmfGlM
136,Justin Trudeau,"Chaque enfant m√©rite le meilleur d√©part qui soit dans la vie, alors le Canada aide des mamans √† travers le monde √†‚Ä¶ https://t.co/vxs8FthDDH"
137,Donald J. Trump,"It was my great honor to have lunch with our INCREDIBLE U.S. and ROK troops at Camp Humphreys, in South Korea. üá∫üá∏üá∞üá∑‚Ä¶ https://t.co/QJtVR498yK"
138,Donald J. Trump,While not at all presidential I must point out that the Sloppy Michael Moore Show on Broadway was a TOTAL BOMB and was forced to close. Sad!
139,Donald J. Trump,"Excited to be heading home to see the House pass a GREAT Tax Bill with the middle class getting big TAX CUTS!

#MakeAmericaGreatAgainüá∫üá∏"
140,Justin Trudeau,"RT @KirstyDuncanMP: Il est important de comprendre comment les effets d‚Äôun climat en changement affectent l‚ÄôArctique. Aujourd‚Äôhui, @cathmck‚Ä¶"
141,Justin Trudeau,"Sitting down with Prime Minister @jacindaardern for our first meeting in person, talking trade, climate change, and‚Ä¶ https://t.co/Eewoqktbnj"
142,Justin Trudeau,It was great to see President @EPN at #APEC2017 ‚Äì we took some time to talk about trade and how we can work togethe‚Ä¶ https://t.co/jGYNQlPNiM
143,Donald J. Trump,"Working hard on the biggest tax cut in U.S. history. Great support from so many sides. Big winners will be the middle class, business &amp; JOBS"
144,Donald J. Trump,"RT @AbeShinzo: „Éà„É©„É≥„ÉóÂ§ßÁµ±È†ò„Å´„Çà„Çã„ÄÅÂàù„ÅÆ„ÄÅÊ≠¥Âè≤ÁöÑ„Å™Êó•Êú¨Ë®™Âïè„ÅØ„ÄÅÈñìÈÅï„ÅÑ„Å™„Åè„ÄÅÊó•Á±≥ÂêåÁõü„ÅÆÊè∫„Çã„Åé„Å™„ÅÑÁµÜ„Çí‰∏ñÁïå„Å´Á§∫„Åô„Åì„Å®„Åå„Åß„Åç„Åæ„Åó„Åü„ÄÇ

Êú¨ÂΩì„Å´„ÅÇ„Çä„Åå„Å®„ÅÜ„ÄÅ„Éâ„Éä„É´„Éâ„ÄÇ„Åù„Åó„Å¶„ÄÅ„Ç¢„Ç∏„Ç¢Ê≠¥Ë®™„ÅÆÂ§ßÊàêÂäü„Çí„ÅäÁ•à„Çä„Åó„Å¶„ÅÑ„Åæ„Åô„ÄÇ

@realDonaldTrump https://t.‚Ä¶"
145,Donald J. Trump,"Join me LIVE in South Koreaüá∫üá∏üá∞üá∑
#NationalAssembly #POTUSinAsia 
‚û°Ô∏èhttps://t.co/M3iEhPdkas https://t.co/hSxdtd2UnY"
146,Justin Trudeau,Roundtable with business leaders - talking about how trade will create more jobs &amp; opportunities for people in Cana‚Ä¶ https://t.co/5CgzX2ZW2k
147,Justin Trudeau,Nos pens√©es accompagnent @DenisLemieuxLib. Merci d‚Äôavoir servi la population de Chicoutimi‚ÄîLe Fjord. Vous allez nous manquer.
148,Donald J. Trump,Thank you to all Americans who participated in Nat'l Rx Drug Take Back Day. A record amount of drugs collected &amp; disposed. We can do this!
149,Donald J. Trump,Thank you @FLGovScott. https://t.co/rgdU9plvFK
150,Donald J. Trump,"The U.S., under my administration, is completely rebuilding its military, and they're spending hundreds of billions‚Ä¶ https://t.co/2sIwl0TH9x"
151,Justin Trudeau,RT @NationalDefence: The Importance of Remembrance #CanadaRemembers https://t.co/QrLVXDfMig
152,Justin Trudeau,RT @MarcMillerVM: J'ai pris un moment pour dire quelques mots en Kanien'k√©ha pour honorer les autochtones qui sont tomb√©s au combat. Souven‚Ä¶
153,Justin Trudeau,"We had a good first meeting today, talking trade and how we can work together to create more jobs &amp; opportunities f‚Ä¶ https://t.co/fMeaAw9Bon"
154,Justin Trudeau,"@SeamusORegan We‚Äôre all thinking of you, @SeamusORegan! Get well soon, my friend."
155,Donald J. Trump,Today I am here to offer a renewed partnership with America -- to work together to strengthen the bonds of friendsh‚Ä¶ https://t.co/2IdSIlE3Ek
156,Justin Trudeau,RT @googlecanada: Watch tmw: @JustinTrudeau discusses Canada‚Äôs role in the world of A.I. with @ericschmidt at #GoNorth17 via @nytimes https‚Ä¶
157,Justin Trudeau,"RT @CanadianForces: Today and every day, #CanadaRemembers. Join us in honouring past and current #CAF members. #RemembranceDay #LestWeForge‚Ä¶"
158,Donald J. Trump,"President Xi, thank you for such an incredible welcome ceremony. It was a truly memorable and impressive display! üì∏‚Ä¶ https://t.co/Jbj5TWhCla"
159,Justin Trudeau,I'll always be grateful for George Gosbee's work on our advisory council during our time in opposition. Calgary has‚Ä¶ https://t.co/ZihaF8eVoE
160,Justin Trudeau,"Bonne rencontre avec la directrice des op√©rations de Facebook, @sherylsandberg, sur l‚Äôinnovation canadienne ax√©e su‚Ä¶ https://t.co/V8gi3Zhz4H"
161,Donald J. Trump,"....earth shattering. He and his brother could Drain The Swamp, which would be yet another campaign promise fulfilled. Fake News weak!"
162,Donald J. Trump,"‚ÄúPresident Donald J. Trump Proclaims October 24, 2017, as United Nations Day‚Äù Read more: https://t.co/cyRAQAKhy2 https://t.co/HVD0kLYlBk"
163,Justin Trudeau,"Aujourd‚Äôhui, nous rendons hommage √† ceux qui ont tant endur√© et tant sacrifi√© pour nous tous. https://t.co/R5RumFVwXu"
164,Justin Trudeau,"@Val_Plante Et f√©licitations √† R√©gis Labeaume ‚Äì r√©√©lu maire de Qu√©bec. On se revoit bient√¥t, j‚Äôesp√®re."
165,Justin Trudeau,RT @VNXAllshares: üéâüéÜListed Companies on Hochiminh Stock Exchange should be ready on increasing trade &amp; fintech with Canadian partners üçÅüçÅ&amp; s‚Ä¶
166,Donald J. Trump,"Together, we dream of a Korea that is free, a peninsula that is safe, and families that are reunited once again! https://t.co/9tsZRCC83j"
167,Donald J. Trump,We mourn the horrifying terrorist attack in NYC. All of America is praying and grieving for the families who lost t‚Ä¶ https://t.co/gnCvusZ0Ud
168,Justin Trudeau,Announcing 4 by-elections! Get the details: https://t.co/15PNFkmoE0
169,Justin Trudeau,"RT @DrRobbieO: MWO Lemay &amp; Lt(N) Tremblay, old comrades from my military career were in #Parliament being honoured for their sele‚Ä¶ https://‚Ä¶"
170,Donald J. Trump,#NYCStrong #USAüá∫üá∏ https://t.co/6K3Xw5P87d
171,Justin Trudeau,Prochain arr√™t : Da Nang pour l‚Äô#APEC2017. Voici un r√©sum√© de ma visite jusqu‚Äô√† maintenant : https://t.co/zzJlktn655
172,Donald J. Trump,Will be another Sean success! https://t.co/SlNTENvJLA
173,Donald J. Trump,"The meeting with Republican Senators yesterday, outside of Flake and Corker, was a love fest with standing ovations and great ideas for USA!"
174,Justin Trudeau,Comment b√¢tir un pays et un avenir meilleurs pour nos enfants ? La r√©ponse est simple : en investissant dans les Ca‚Ä¶ https://t.co/3BopqTiWUP
175,Donald J. Trump,RT @IvankaTrump: We're working to make tax cuts &amp; the expanded Child Tax Credit a reality for American families. The time is now! #TaxRefor‚Ä¶
176,Donald J. Trump,"Thank you to the GREAT NYPD, First Responders and all govt officials for having handled the terrible West Side atta‚Ä¶ https://t.co/wcjWahjCHF"
177,Donald J. Trump,So nice being with Republican Senators today. Multiple standing ovations! Most are great people who want big Tax Cuts and success for U.S.
178,Donald J. Trump,"NYC terrorist was happy as he asked to hang ISIS flag in his hospital room. He killed 8 people, badly injured 12. SHOULD GET DEATH PENALTY!"
179,Donald J. Trump,"I don‚Äôt blame China, I blame the incompetence of past Admins for allowing China to take advantage of the U.S. on tr‚Ä¶ https://t.co/zql9WFEZlF"
180,Donald J. Trump,"The rigged Dem Primary, one of the biggest political stories in years, got ZERO coverage on Fake News Network TV last night. Disgraceful!"
181,Justin Trudeau,RT @NavdeepSBains: L'innovation en action ! Les entreprises canadiennes et indiennes se sont rencontr√©es ce soir pour explorer les possibil‚Ä¶
182,Donald J. Trump,Anyone who doubts the strength or determination of the U.S. should look to our past....and you will doubt it no lon‚Ä¶ https://t.co/n1Dc7xNmcg
183,Donald J. Trump,"Happy Birthday @TheLeeGreenwood!
#FlashbackFriday https://t.co/MCrMK6Eurm"
184,Donald J. Trump,Just read the nice remarks by President Jimmy Carter about me and how badly I am treated by the press (Fake News). Thank you Mr. President!
185,Donald J. Trump,I hope people will start to focus on our Massive Tax Cuts for Business (jobs) and the Middle Class (in addition to Democrat corruption)!
186,Justin Trudeau,"We‚Äôre on our way to Hanoi... to start a busy week in Vietnam &amp; the Philippines focused on APEC, trade and advancing human rights."
187,Justin Trudeau,RT @CanadianPM: Watch live: PM Justin Trudeau marks the 150th anniversary of the first sitting of the House of Commons. #cdnpoli https://t.‚Ä¶
188,Donald J. Trump,Thank you to President Moon of South Korea for the beautiful welcoming ceremony. It will always be remembered. https://t.co/bMvJz1iV2a
189,Donald J. Trump,"...Based on that, the Military has hit ISIS ""much harder"" over the last two days. They will pay a big price for every attack on us!"
190,Justin Trudeau,On parle des emplois et des possibilit√©s li√©s √† l‚ÄôIA avec des leaders technologiques √† #GoNorth17. Merci de vos id√©‚Ä¶ https://t.co/1OiD3ea7IY
191,Donald J. Trump,"WORKING TOGETHER, we will defeat this #OpioidEpidemic &amp; free our nation from the terrible affliction of drug abuse.‚Ä¶ https://t.co/Mw8xZxOEUn"
192,Donald J. Trump,"People are anxiously awaiting my decision as to who the next head of the Fed will be....
üé•https://t.co/PEj1KNYcAO"
193,Donald J. Trump,"Jeff Flake, with an 18% approval rating in Arizona, said ""a lot of my colleagues have spoken out."" Really, they just gave me a standing O!"
194,Justin Trudeau,Tragic news from Iran and Iraq today. Canadians offer their deepest sympathies to the families affected by the earthquake in the region.
195,Justin Trudeau,"RT @SeamusORegan: 100 years ago today marks the end of one of our deadliest battles: Passchendaele.

We remember and honour their incredibl‚Ä¶"
196,Justin Trudeau,"RT @SeamusORegan: Aujourd‚Äôhui, il y a 100 ans, de terminait une de nos batailles les plus sanglantes: Passchendaele. 

Nous nous souvenons‚Ä¶"
197,Justin Trudeau,"Nous sommes ax√©s sur une s√©rie d‚Äôenjeux, notamment le commerce et les droits de la personne. Merci au pr√©sident Tr·∫ß‚Ä¶ https://t.co/CSpVKkxlIG"
198,Donald J. Trump,The United States will be immediately implementing much tougher Extreme Vetting Procedures. The safety of our citizens comes first!
199,Donald J. Trump,"Unemployment is down to 4.1%, lowest in 17 years. 1.5 million new jobs created since I took office. Highest stock Market ever, up $5.4 trill"
200,Donald J. Trump,".@EdWGillespie will totally turn around the high crime and poor economic performance of VA. MS-13 and crime will be gone. Vote today, ASAP!"
201,Justin Trudeau,F√©licitations Georges! Like you never left. You've made us proud once again. üá®üá¶ https://t.co/eK1GA5w2og
202,Donald J. Trump,Everybody is asking why the Justice Department (and FBI) isn't looking into all of the dishonesty going on with Crooked Hillary &amp; the Dems..
203,Donald J. Trump,"Getting ready to make a major speech to the National Assembly here in South Korea, then will be headed to China whe‚Ä¶ https://t.co/mEfWXmpzRw"
204,Justin Trudeau,"RT @CQualtro: Congrats @amazonca on your Vancouver expansion project
&amp; the creation of 1000 new jobs. The kind of jobs that our communities‚Ä¶"
205,Donald J. Trump,Congratulations to all of the ‚ÄùDEPLORABLES‚Äù and the millions of people who gave us a MASSIVE (304-227) Electoral Co‚Ä¶ https://t.co/cKVtPvEHOB
206,Donald J. Trump,"Pocahontas just stated that the Democrats, lead by the legendary Crooked Hillary Clinton, rigged the Primaries! Lets go FBI &amp; Justice Dept."
207,Donald J. Trump,"Great Tax Cut rollout today. The lobbyists are storming Capital Hill, but the Republicans will hold strong and do what is right for America!"
208,Donald J. Trump,"Getting ready to leave for South Korea and meetings with President Moon, a fine gentleman. We will figure it all out!"
209,Justin Trudeau,Le Canada offre sa solidarit√© √† ses voisins face √† cette √©preuve. Voici ma d√©claration : https://t.co/qkWCuJjCiw
210,Donald J. Trump,"....came to the campaign. Few people knew the young, low level volunteer named George, who has already proven to be a liar. Check the DEMS!"
211,Justin Trudeau,"Great chat with @ericschmidt, talking about how investing in AI &amp; Canadian innovation creates jobs and builds a str‚Ä¶ https://t.co/OvXP9DA2O9"
212,Justin Trudeau,"On this 100th anniversary of the victory at Passchendaele, we honour the heroism &amp; sacrifice of Canadians who fough‚Ä¶ https://t.co/Xvp7dPo2bd"
213,Donald J. Trump,"Does the Fake News Media remember when Crooked Hillary Clinton, as Secretary of State, was begging Russia to be our‚Ä¶ https://t.co/0QnLU03c03"
214,Justin Trudeau,RT @SherryRomanado: Honoured to be leading the Government of Canada delegation to Belgium for the commemorative events for the 100th annive‚Ä¶
215,Donald J. Trump,Leaving South Korea now heading to China. Looking very much forward to meeting and being with President Xi!
216,Donald J. Trump,The United States has been reminded time and again in recent years that economic security is not merely RELATED to‚Ä¶ https://t.co/62WsIAen7F
217,Justin Trudeau,"Coup d‚Äôenvoi du 31e Sommet de l‚Äô#ANASE aux Philippines, aujourd‚Äôhui. https://t.co/XRbp0bc8kn"
218,Donald J. Trump,"Texas @GovAbbott &amp; Lt. Gov. @DanPatrick,

Thank you for todays briefing on hurricane recovery efforts here in TX. K‚Ä¶ https://t.co/5lGb2FKLJ2"
219,Donald J. Trump,"The Fake News is working overtime. As Paul Manaforts lawyer said, there was ""no collusion"" and events mentioned took place long before he..."
220,Donald J. Trump,"We are fighting hard for Merit Based immigration, no more Democrat Lottery Systems. We must get MUCH tougher (and smarter).  @foxandfriends"
221,Donald J. Trump,President Xi of China has stated that he is upping the sanctions against #NoKo. Said he wants them to denuclearize. Progress is being made.
222,Justin Trudeau,Celebrating the 50th anniversary of #ASEAN ahead of tomorrow‚Äôs Summit with President Duterte &amp; our allies. https://t.co/0idrGYnlPS
223,Justin Trudeau,"Merci, Filippo, de votre collaboration, de votre travail entourant la crise au Myanmar et de votre aide aux plus vu‚Ä¶ https://t.co/Zf2Y2J7RIm"
224,Justin Trudeau,"Good meeting with Facebook‚Äôs COO, @sherylsandberg, focused on how we can support innovation in Canada to create job‚Ä¶ https://t.co/kAQBfTgU5E"
225,Justin Trudeau,Je serai toujours reconnaissant pour le travail que George Gosbee a fait au sein de notre comit√© consultatif quand‚Ä¶ https://t.co/SIG4z2OjHL
226,Donald J. Trump,The real story on Collusion is in Donna B's new book. Crooked Hillary bought the DNC &amp; then stole the Democratic Primary from Crazy Bernie!
227,Donald J. Trump,"...the Uranium to Russia deal, the  33,000 plus deleted Emails, the Comey fix and so much more. Instead they look at phony Trump/Russia,...."
228,Justin Trudeau,"RT @liberal_party: On Aboriginal Veterans Day, we salute the Indigenous men &amp; women who have served. #CanadaRemembers #LestWeForget https:/‚Ä¶"
229,Justin Trudeau,"Today, we honour the people who endured so much, and sacrificed so greatly. https://t.co/6y2VgqFLzK"
230,Justin Trudeau,Nous nous sommes r√©unis au Cimeti√®re national du Canada pour penser √† #Passchendaele100 et honorer ceux qui ont r√©p‚Ä¶ https://t.co/y6w1aQAQEa
231,Donald J. Trump,I will be interviewed by @IngrahamAngle on @FoxNews at 10:00. Enjoy!
232,Justin Trudeau,"En ce 100e anniversaire de la victoire √† Passchendaele, nous honorons le h√©ro√Øsme et les sacrifices des Canadiens q‚Ä¶ https://t.co/rnFRRLviot"
233,Justin Trudeau,"Avec les communaut√©s polonaises du Canada et du monde, nous c√©l√©brons le Jour de l‚ÄôInd√©pendance de la Pologne : https://t.co/1sBie9YVlC"
234,Donald J. Trump,"Congratulations to the Houston @Astros, 2017 #WorldSeries Champions‚öæÔ∏è#HoustonStrong #EarnHistory https://t.co/BP7OEzdhFi"
235,Donald J. Trump,RT @seanhannity: BOOM!!  Tick Tock https://t.co/8E2Lvj3TTa
236,Justin Trudeau,"RT @ForcesCanada: Aujourd'hui comme chaque jour, #LeCanadasesouvient. #jourduSouvenir https://t.co/2v6lLV4Bj5"
237,Donald J. Trump,"...""collusion,"" which doesn't exist. The Dems are using this terrible (and bad for our country) Witch Hunt for evil politics, but the R's..."
238,Donald J. Trump,"Broadcom's move to America=$20 BILLION of annual rev into U.S.A., $3+ BILLION/yr. in research/engineering &amp; $6 BILL‚Ä¶ https://t.co/0PUrl6k86K"
239,Donald J. Trump,"Effective today, my administration officially declared the #OpioidCrisis a NATIONAL PUBLIC HEALTH EMERGENCY under f‚Ä¶ https://t.co/0DF0lnfKJG"
240,Donald J. Trump,@SenateMajLdr @SenateGOP ...and Appeals Court Judges at a record clip! Our courts are rapidly changing for the better!
241,Donald J. Trump,"The reason Flake and Corker dropped out of the Senate race is very simple, they had zero chance of being elected. Now act so hurt &amp; wounded!"
242,Justin Trudeau,"RT @FP_Champagne: Beaucoup d'√©nergie avec la d√©l√©gation de notre #MissionCommercialeEnInde. Soyez ambitieux, cr√©ez des liens, signez des en‚Ä¶"
243,Donald J. Trump,Thank you @foxandfriends. Really great job and show!
244,Donald J. Trump,Getting ready to land in Hawaii. Looking so much forward to meeting with our great Military/Veterans at Pearl Harbor!
245,Justin Trudeau,"Thanks for having me and congratulations on your first year in Winnipeg, too! https://t.co/z2oVh8sXNz"
246,Justin Trudeau,"O√π que nous soyons, nous sommes unis, coquelicots pr√®s du c≈ìur, pour nous souvenir. #NoublionsJamais https://t.co/mn5ZvVXgmh"
247,Justin Trudeau,Police work in harm's way to protect us all. My deepest sympathies to the family of the @AbbyPoliceDept officer killed in the line of duty.
248,Donald J. Trump,"The terrorist came into our country through what is called the ""Diversity Visa Lottery Program,"" a Chuck Schumer beauty. I want merit based."
249,Donald J. Trump,Big news - Budget just passed!
250,Justin Trudeau,"RT @SeamusORegan: Aujourd'hui nous rendons aux hommes et femmes des Premi√®res Nations, M√©tis et Inuit qui ont servi le Canada avec fiert√© e‚Ä¶"
251,Donald J. Trump,Thank you! https://t.co/TD0rYcWN8C
252,Donald J. Trump,It is finally happening for our great clean coal miners! https://t.co/suAnjs6Ccz
253,Donald J. Trump,RT @IvankaTrump: Touched by the warm hospitality of Prime Minister Abe and the Japanese people. „ÅÇ„Çä„Åå„Å®„ÅÜ„Åî„Åñ„ÅÑ„Åæ„Åô [Thank you]! Until next time üáØüáµ‚Ä¶
254,Justin Trudeau,"On the TPP trade deal: We've been working hard on it this week in Asia, and we're going to keep negotiating until w‚Ä¶ https://t.co/eZKVL99H3D"
255,Donald J. Trump,"Great mtg w/ @Cabinet today. Tomorrow, I will be announcing the new head of the Fed. I think you will be extremely‚Ä¶ https://t.co/dKtJBjGlYe"
256,Justin Trudeau,Merci de m‚Äôavoir re√ßu et f√©licitations pour votre premi√®re ann√©e √† Winnipeg! https://t.co/z2oVh8sXNz
257,Justin Trudeau,RT @RalphGoodale: More excellent work by @rcmpgrcpolice + multiple law enforcement partners in Canada+US in efforts to get fentanyl off our‚Ä¶
258,Donald J. Trump,Just interviewed by @LouDobbs. Will be aired tonight at 7pmE on @FoxBusiness. #Dobbs
259,Donald J. Trump,#USAüá∫üá∏ #JapanüáØüáµ https://t.co/EvxFqAVnFS
260,Justin Trudeau,My thanks to Cardinal @gclacroix for the meeting in Ottawa this morning - it was nice to see you again. https://t.co/eThGAThNpA
261,Justin Trudeau,Canada stands in solidarity with our neighbours during this difficult time. Full statement: https://t.co/Vt2UtBTXSv
262,Justin Trudeau,"Des nouvelles tragiques de l‚ÄôIran et de l‚ÄôIrak, aujourd‚Äôhui. Les Canadiens offrent leurs condol√©ances aux familles‚Ä¶ https://t.co/xEzMqvx1ax"
263,Justin Trudeau,Ending a busy day at the People‚Äôs Committee HQ ‚Äì thanks to Chairman Nguy·ªÖn Th√†nh Phong for the meeting today. https://t.co/Y6bMHoaEpD
264,Justin Trudeau,Visit to Ho Chi Minh‚Äôs stilt house near the Presidential Palace earlier today. https://t.co/8l1mrGVXy2
265,Justin Trudeau,"Aujourd‚Äôhui, nous nous arr√™tons un moment pour nous souvenir des Canadiens qui ont servi notre pays :‚Ä¶ https://t.co/Uo52We1AQb"
266,Justin Trudeau,"RT @SeamusORegan: Today, and everyday, we remember.

Aujourd'hui, comme toujours, nous nous souviendrons. 

#CanadaRemembers #RemembranceDa‚Ä¶"
267,Justin Trudeau,RT @jyduclos: New parents: Our government is introducing more flexible #maternity and parental benefits! https://t.co/vFPmsvSlgC https://t.‚Ä¶
268,Justin Trudeau,RT @yuchengcomuseum: Canadian PM Justin Trudeau is welcomed to the Yuchengco Museum by Ms Helen Dee and Ms Yvonne Yuchengco. @JustinTrudeau‚Ä¶
269,Donald J. Trump,"Just took off for ceremony @ Pearl Harbor. Will then be heading to Japan, SKorea, China, Vietnam &amp; the Philippines. Will never let you down!"
270,Donald J. Trump,"When will all the haters and fools out there realize that having a good relationship with Russia is a good thing, n‚Ä¶ https://t.co/tPCd8nSwY3"
271,Donald J. Trump,"Happy to announce, I am nominating Alex Azar to be the next HHS Secretary. He will be a star for better healthcare and lower drug prices!"
272,Donald J. Trump,"Just landed in the Philippines after a great day of meetings and events in Hanoi, Vietnam! https://t.co/YxHRNhhPWo"
273,Justin Trudeau,RT @AsiaPacificFdn: Our PM @JustinTrudeau is at his welcoming gala in Vietnam for #APEC2017! Photo by our CEO @Stewartbeck https://t.co/IG0‚Ä¶
274,Justin Trudeau,"Bienvenue √† Ottawa @USAmbCanada Craft, juste √† temps pour l‚Äôhiver! Que la relation üá®üá¶ üá∫üá∏ soit chaleureuse peu impor‚Ä¶ https://t.co/FVsHpQPlr5"
275,Donald J. Trump,Very little reporting about the GREAT GDP numbers announced yesterday (3.0 despite the big hurricane hits). Best consecutive Q's in years!
276,Donald J. Trump,"Franklin, such a great photo. 

HAPPY 99th BIRTHDAY to your father, @BillyGraham! https://t.co/l0c7RvvOa1"
277,Justin Trudeau,RT @VeteransFR_CA: RT pour rendre hommage aux v√©t√©rans canadiens. Vous recevrez un rappel le 11/11 et serez ajout√© √† une mosa√Øque #Lecanada‚Ä¶
278,Donald J. Trump,"I am leaving China for #APEC2017 in Vietnam. @FLOTUS Melania is staying behind to see the zoo, and of course, the G‚Ä¶ https://t.co/j2kDjWvnsj"
279,Justin Trudeau,Kicking off the 31st #ASEAN Summit in the Philippines today. https://t.co/2DOUQXtX3n
280,Justin Trudeau,Voici les d√©tails √† propos du nouveau comit√© parlementaire charg√© de la s√©curit√© nationale et du renseignement : https://t.co/4RzkIXk3wr
281,Justin Trudeau,"We‚Äôre focused on a variety of issues, including trade &amp; advancing human rights. My thanks to President Tr·∫ßn ƒê·∫°i Qua‚Ä¶ https://t.co/dQVKrjXfi3"
282,Donald J. Trump,"On behalf of @FLOTUS Melania and I, THANK YOU for an unforgettable¬†afternoon and evening¬†at the¬†Forbidden City in B‚Ä¶ https://t.co/Q9H0MPdIvU"
283,Donald J. Trump,....This is real collusion and dishonesty. Major violation of Campaign Finance Laws and Money Laundering - where is our Justice Department?
284,Donald J. Trump,"We must not allow ISIS to return, or enter, our country after defeating them in the Middle East and elsewhere. Enough!"
285,Donald J. Trump,"‚ÄúPresidential Proclamation Commemorating the 50th Anniversary of the Vietnam War‚Äù 
‚û°Ô∏èhttps://t.co/hgUQP9leqK 
‚û°Ô∏è‚Ä¶ https://t.co/xZ8AWnxDEA"
286,Donald J. Trump,Stock Market just hit another record high! Jobs looking very good.
287,Justin Trudeau,Merci √† tous les v√©t√©rans autochtones qui ont servi leur pays et qui continuent de le servir avec fiert√©.‚Ä¶ https://t.co/hvaetHTdFi
288,Donald J. Trump,"All of this ""Russia"" talk right when the Republicans are making their big push for historic Tax Cuts &amp; Reform. Is this coincidental? NOT!"
289,Donald J. Trump,"Spoke to President Xi of China to congratulate him on his extraordinary elevation. Also discussed NoKo &amp; trade, two very important subjects!"
290,Justin Trudeau,RT @PMcanadien: En direct: le PM Trudeau souligne le 150e anniversaire de la 1re s√©ance de la Chambre des communes. #polcan https://t.co/I4‚Ä¶
291,Justin Trudeau,"Visite de la maison sur pilotis de H√¥ Chi Minh, pr√®s du Palais pr√©sidentiel, plus t√¥t aujourd‚Äôhui. https://t.co/MaYrrsccdS"
292,Justin Trudeau,How do we build a better country &amp; future for our children? The answer is simple: by investing in Canadians. More f‚Ä¶ https://t.co/ARFuFYNUhV
293,Justin Trudeau,RT @Carolyn_Bennett: .@ITK_CanadaInuit &amp; parmi d‚Äôautres disent que les solutions doivent provenir du Nord. Ns sommes d‚Äôaccord! Regardez: ht‚Ä¶
294,Donald J. Trump,"...addresses of any mentioned person who is still living. I am doing this for reasons of full disclosure, transparency and..."
295,Donald J. Trump,MAKE AMERICA GREAT AGAIN! https://t.co/CbEwJSQ1A3
296,Justin Trudeau,Le premier ministre @TurnbullMalcolm et moi avons parl√© du #TPP et des avantages de conclure un accord qui soit √©qu‚Ä¶ https://t.co/CAS9EJw5K5
297,Justin Trudeau,RT @NANComms: Meegwetch @JustinTrudeau @janephilpott @Carolyn_Bennett for meeting with NAN youth! @gcfiddler @DGCAnnaBetty https://t.co/spt‚Ä¶
298,Justin Trudeau,#TBT to a backpacking trip in Vietnam many years ago‚Ä¶ my thanks to the Canadian Embassy for pulling out the old gue‚Ä¶ https://t.co/hnKgkdTZik
299,Donald J. Trump,"Throughout my travels, I've had the pleasure of sharing the good news from America. I've had the honor of sharing o‚Ä¶ https://t.co/eGkJAZaPuU"
